State,County,FIPS,opioid_per_100
AL,AUTAUGA,1001,98.3
AL,BALDWIN,1003,65
AL,BARBOUR,1005,22.8
AL,BIBB,1007,24.8
AL,BLOUNT,1009,22.8
AL,BULLOCK,1011,22
AL,BUTLER,1013,35.1
AL,CALHOUN,1015,97.9
AL,CHAMBERS,1017,60.5
AL,CHEROKEE,1019,50.6
AL,CHILTON,1021,39.3
AL,CHOCTAW,1023,37.8
AL,CLARKE,1025,65.9
AL,CLAY,1027,81.7
AL,CLEBURNE,1029,5.7
AL,COFFEE,1031,74.4
AL,COLBERT,1033,150
AL,CONECUH,1035,113.3
AL,COOSA,1037,0
AL,COVINGTON,1039,85.3
AL,CRENSHAW,1041,33.4
AL,CULLMAN,1043,81.1
AL,DALE,1045,31.8
AL,DALLAS,1047,62.7
AL,DE KALB,1049,64.3
AL,ELMORE,1051,26.8
AL,ESCAMBIA,1053,81.2
AL,ETOWAH,1055,102.8
AL,FAYETTE,1057,53.6
AL,FRANKLIN,1059,89.4
AL,GENEVA,1061,17
AL,GREENE,1063,16.5
AL,HALE,1065,22.6
AL,HENRY,1067,46.2
AL,HOUSTON,1069,136.5
AL,JACKSON,1071,71.7
AL,JEFFERSON,1073,139
AL,LAMAR,1075,10.7
AL,LAUDERDALE,1077,57.3
AL,LAWRENCE,1079,28.3
AL,LEE,1081,35.4
AL,LIMESTONE,1083,26.9
AL,LOWNDES,1085,8.3
AL,MACON,1087,11.3
AL,MADISON,1089,87.3
AL,MARENGO,1091,58.8
AL,MARION,1093,106
AL,MARSHALL,1095,92.2
AL,MOBILE,1097,98
AL,MONROE,1099,53.7
AL,MONTGOMERY,1101,86.3
AL,MORGAN,1103,67.9
AL,PERRY,1105,17.3
AL,PICKENS,1107,43.7
AL,PIKE,1109,38.5
AL,RANDOLPH,1111,47
AL,RUSSELL,1113,35.9
AL,SAINT CLAIR,1115,63
AL,SHELBY,1117,64.6
AL,SUMTER,1119,41.9
AL,TALLADEGA,1121,39.7
AL,TALLAPOOSA,1123,43.4
AL,TUSCALOOSA,1125,86.6
AL,WALKER,1127,123
AL,WASHINGTON,1129,29.4
AL,WILCOX,1131,16
AL,WINSTON,1133,65
AK,ALEUTIANS EAST,2013,9.6
AK,ALEUTIANS WEST,2016,2.1
AK,ANCHORAGE,2020,47.2
AK,BETHEL,2050,8.8
AK,BRISTOL BAY,2060,6.4
AK,DENALI,2068,5.2
AK,DILLINGHAM,2070,1.7
AK,FAIRBANKS NORTH STAR,2090,29.7
AK,HAINES,2100,0.5
AK,HOONAH ANGOON,2105,3
AK,JUNEAU,2110,29.2
AK,KENAI PENINSULA,2122,47.3
AK,KETCHIKAN GATEWAY,2130,49.5
AK,KODIAK ISLAND,2150,18
AK,KUSILVAK,2158,1
AK,MATANUSKA SUSITNA,2170,38
AK,NOME,2180,3
AK,NORTH SLOPE,2185,2.2
AK,NORTHWEST ARCTIC,2188,11.2
AK,PETERSBURG,2195,67
AK,PRINCE OF WALES HYDER,2198,18
AK,SITKA,2220,14.8
AK,SKAGWAY,2230,10.4
AK,SOUTHEAST FAIRBANKS,2240,14.1
AK,WRANGELL,2275,3.9
AK,YAKUTAT,2282,8.1
AK,YUKON KOYUKUK,2290,2.6
AZ,APACHE,4001,4.9
AZ,COCHISE,4003,34.4
AZ,COCONINO,4005,32.2
AZ,GILA,4007,42.8
AZ,GRAHAM,4009,51.6
AZ,GREENLEE,4011,1.6
AZ,LA PAZ,4012,14.8
AZ,MARICOPA,4013,42.4
AZ,MOHAVE,4015,66.4
AZ,NAVAJO,4017,43.6
AZ,PIMA,4019,46.9
AZ,PINAL,4021,10.5
AZ,SANTA CRUZ,4023,5.9
AZ,YAVAPAI,4025,48.6
AZ,YUMA,4027,28.2
AR,ARKANSAS,5001,70.7
AR,ASHLEY,5003,26
AR,BAXTER,5005,136.7
AR,BENTON,5007,37.1
AR,BOONE,5009,67.2
AR,BRADLEY,5011,73.8
AR,CALHOUN,5013,15.3
AR,CARROLL,5015,37.4
AR,CHICOT,5017,90
AR,CLARK,5019,54.7
AR,CLAY,5021,72.7
AR,CLEBURNE,5023,53.9
AR,CLEVELAND,5025,4.9
AR,COLUMBIA,5027,51.7
AR,CONWAY,5029,38.2
AR,CRAIGHEAD,5031,164
AR,CRAWFORD,5033,51.4
AR,CRITTENDEN,5035,59.6
AR,CROSS,5037,59.7
AR,DALLAS,5039,31.6
AR,DESHA,5041,85.2
AR,DREW,5043,91.2
AR,FAULKNER,5045,64
AR,FRANKLIN,5047,40.2
AR,FULTON,5049,62.1
AR,GARLAND,5051,112.9
AR,GRANT,5053,12.6
AR,GREENE,5055,98.8
AR,HEMPSTEAD,5057,40
AR,HOT SPRING,5059,38
AR,HOWARD,5061,58.5
AR,INDEPENDENCE,5063,132.5
AR,IZARD,5065,70.5
AR,JACKSON,5067,55
AR,JEFFERSON,5069,98.7
AR,JOHNSON,5071,52.3
AR,LAFAYETTE,5073,91.5
AR,LAWRENCE,5075,45.2
AR,LEE,5077,82
AR,LINCOLN,5079,11.1
AR,LITTLE RIVER,5081,96.4
AR,LOGAN,5083,24.6
AR,LONOKE,5085,16.9
AR,MADISON,5087,29.5
AR,MARION,5089,7.2
AR,MILLER,5091,83.4
AR,MISSISSIPPI,5093,59.5
AR,MONROE,5095,5.9
AR,MONTGOMERY,5097,80.6
AR,NEVADA,5099,21.7
AR,NEWTON,5101,1.4
AR,OUACHITA,5103,70.7
AR,PERRY,5105,12
AR,PHILLIPS,5107,84.2
AR,PIKE,5109,30.4
AR,POINSETT,5111,69
AR,POLK,5113,52.8
AR,POPE,5115,41.2
AR,PRAIRIE,5117,13.9
AR,PULASKI,5119,141.7
AR,RANDOLPH,5121,20.4
AR,SAINT FRANCIS,5123,47.7
AR,SALINE,5125,38.3
AR,SCOTT,5127,62
AR,SEARCY,5129,28.3
AR,SEBASTIAN,5131,121.5
AR,SEVIER,5133,11.7
AR,SHARP,5135,43.7
AR,STONE,5137,71.4
AR,UNION,5139,113.6
AR,VAN BUREN,5141,38
AR,WASHINGTON,5143,70.2
AR,WHITE,5145,54.8
AR,WOODRUFF,5147,14.8
AR,YELL,5149,39.7
CA,ALAMEDA,6001,18.2
CA,ALPINE,6003,23
CA,AMADOR,6005,31.8
CA,BUTTE,6007,63
CA,CALAVERAS,6009,24.7
CA,COLUSA,6011,24.7
CA,CONTRA COSTA,6013,22.9
CA,DEL NORTE,6015,56.1
CA,EL DORADO,6017,28.4
CA,FRESNO,6019,41.9
CA,GLENN,6021,25.2
CA,HUMBOLDT,6023,46.8
CA,IMPERIAL,6025,27.7
CA,INYO,6027,26.6
CA,KERN,6029,35.1
CA,KINGS,6031,36.1
CA,LAKE,6033,27
CA,LASSEN,6035,36.3
CA,LOS ANGELES,6037,24.5
CA,MADERA,6039,20.3
CA,MARIN,6041,21.2
CA,MARIPOSA,6043,15.6
CA,MENDOCINO,6045,56.8
CA,MERCED,6047,32.8
CA,MODOC,6049,36.4
CA,MONO,6051,31.8
CA,MONTEREY,6053,25.8
CA,NAPA,6055,22.9
CA,NEVADA,6057,38.7
CA,ORANGE,6059,29.8
CA,PLACER,6061,46
CA,PLUMAS,6063,41.7
CA,RIVERSIDE,6065,29.1
CA,SACRAMENTO,6067,34
CA,SAN BENITO,6069,12.9
CA,SAN BERNARDINO,6071,34.5
CA,SAN DIEGO,6073,25.5
CA,SAN FRANCISCO,6075,30.5
CA,SAN JOAQUIN,6077,24.7
CA,SAN LUIS OBISPO,6079,42.6
CA,SAN MATEO,6081,17.7
CA,SANTA BARBARA,6083,39.1
CA,SANTA CLARA,6085,18.4
CA,SANTA CRUZ,6087,27.8
CA,SHASTA,6089,60.9
CA,SIERRA,6091,5.6
CA,SISKIYOU,6093,53.5
CA,SOLANO,6095,21.5
CA,SONOMA,6097,31.7
CA,STANISLAUS,6099,54.4
CA,SUTTER,6101,70.1
CA,TEHAMA,6103,35
CA,TRINITY,6105,31.7
CA,TULARE,6107,34.9
CA,TUOLUMNE,6109,65.2
CA,VENTURA,6111,30.9
CA,YOLO,6113,22.9
CA,YUBA,6115,29.2
CO,ADAMS,8001,28
CO,ALAMOSA,8003,35.8
CO,ARAPAHOE,8005,42.3
CO,ARCHULETA,8007,37.3
CO,BACA,8009,45.2
CO,BENT,8011,50.7
CO,BOULDER,8013,39.8
CO,BROOMFIELD,8014,43.9
CO,CHAFFEE,8015,37.1
CO,CHEYENNE,8017,27.3
CO,CLEAR CREEK,8019,4.7
CO,CONEJOS,8021,29
CO,COSTILLA,8023,0.6
CO,CROWLEY,8025,5.3
CO,CUSTER,8027,2.1
CO,DELTA,8029,37.6
CO,DENVER,8031,37.1
CO,DOLORES,8033,76.6
CO,DOUGLAS,8035,26.8
CO,EAGLE,8037,47.8
CO,ELBERT,8039,9.7
CO,EL PASO,8041,47.5
CO,FREMONT,8043,37.4
CO,GARFIELD,8045,30
CO,GILPIN,8047,0.1
CO,GRAND,8049,12.5
CO,GUNNISON,8051,21
CO,HINSDALE,8053,17.1
CO,HUERFANO,8055,33.8
CO,JACKSON,8057,11.3
CO,JEFFERSON,8059,35.9
CO,KIOWA,8061,25.4
CO,KIT CARSON,8063,24.3
CO,LAKE,8065,11.3
CO,LA PLATA,8067,48.8
CO,LARIMER,8069,39
CO,LAS ANIMAS,8071,66
CO,LINCOLN,8073,18.5
CO,LOGAN,8075,30.2
CO,MESA,8077,52.9
CO,MOFFAT,8081,33.5
CO,MONTEZUMA,8083,29.8
CO,MONTROSE,8085,37.1
CO,MORGAN,8087,25
CO,OTERO,8089,34.2
CO,OURAY,8091,15.9
CO,PARK,8093,0.7
CO,PHILLIPS,8095,31.6
CO,PITKIN,8097,27.9
CO,PROWERS,8099,21.5
CO,PUEBLO,8101,70.1
CO,RIO BLANCO,8103,25.4
CO,RIO GRANDE,8105,62.3
CO,ROUTT,8107,37.8
CO,SAGUACHE,8109,0
CO,SAN MIGUEL,8113,16.7
CO,SEDGWICK,8115,63.3
CO,SUMMIT,8117,28.2
CO,TELLER,8119,15.2
CO,WASHINGTON,8121,4.4
CO,WELD,8123,22.3
CO,YUMA,8125,31.3
CT,FAIRFIELD,9001,33.7
CT,HARTFORD,9003,39
CT,LITCHFIELD,9005,22.8
CT,MIDDLESEX,9007,26.2
CT,NEW HAVEN,9009,48.9
CT,NEW LONDON,9011,35.4
CT,TOLLAND,9013,17.8
CT,WINDHAM,9015,28.4
DE,KENT,10001,29.7
DE,NEW CASTLE,10003,46.8
DE,SUSSEX,10005,53.3
DC,DISTRICT OF COLUMBIA,11001,32.6
FL,ALACHUA,12001,94.2
FL,BAKER,12003,13
FL,BAY,12005,69.2
FL,BRADFORD,12007,22.2
FL,BREVARD,12009,53.5
FL,BROWARD,12011,32.7
FL,CALHOUN,12013,31.3
FL,CHARLOTTE,12015,61.8
FL,CITRUS,12017,51
FL,CLAY,12019,47.2
FL,COLLIER,12021,38.3
FL,COLUMBIA,12023,37.8
FL,DE SOTO,12027,8.5
FL,DIXIE,12029,9.9
FL,DUVAL,12031,76.5
FL,ESCAMBIA,12033,81.9
FL,FLAGLER,12035,29.4
FL,FRANKLIN,12037,22.6
FL,GADSDEN,12039,8.5
FL,GILCHRIST,12041,6.7
FL,GULF,12045,49
FL,HAMILTON,12047,5.8
FL,HARDEE,12049,5.1
FL,HENDRY,12051,11.3
FL,HERNANDO,12053,70.6
FL,HIGHLANDS,12055,36.6
FL,HILLSBOROUGH,12057,47.6
FL,HOLMES,12059,54.3
FL,INDIAN RIVER,12061,59.7
FL,JACKSON,12063,44.6
FL,JEFFERSON,12065,2.9
FL,LAFAYETTE,12067,22.4
FL,LAKE,12069,45.4
FL,LEE,12071,41.5
FL,LEON,12073,61.4
FL,LEVY,12075,55
FL,LIBERTY,12077,2
FL,MADISON,12079,17.5
FL,MANATEE,12081,36.6
FL,MARION,12083,58.4
FL,MARTIN,12085,56.9
FL,MIAMI-DADE,12086,23.6
FL,MONROE,12087,34.3
FL,NASSAU,12089,31.5
FL,OKALOOSA,12091,43
FL,OKEECHOBEE,12093,61.7
FL,ORANGE,12095,35.7
FL,OSCEOLA,12097,23.3
FL,PALM BEACH,12099,41.7
FL,PASCO,12101,60.4
FL,PINELLAS,12103,65.2
FL,POLK,12105,33.7
FL,PUTNAM,12107,34.6
FL,SAINT JOHNS,12109,30.4
FL,SAINT LUCIE,12111,33.9
FL,SANTA ROSA,12113,46.7
FL,SARASOTA,12115,53.5
FL,SEMINOLE,12117,37.9
FL,SUMTER,12119,14
FL,SUWANNEE,12121,16
FL,TAYLOR,12123,47.9
FL,UNION,12125,18.4
FL,VOLUSIA,12127,48.4
FL,WAKULLA,12129,9.4
FL,WALTON,12131,29.4
FL,WASHINGTON,12133,31.9
GA,APPLING,13001,41.9
GA,ATKINSON,13003,58.1
GA,BACON,13005,131.3
GA,BAKER,13007,42.3
GA,BALDWIN,13009,42.2
GA,BANKS,13011,10.6
GA,BARROW,13013,63.5
GA,BARTOW,13015,63.6
GA,BEN HILL,13017,70
GA,BERRIEN,13019,14.3
GA,BIBB,13021,125.6
GA,BLECKLEY,13023,36.6
GA,BRANTLEY,13025,6.5
GA,BROOKS,13027,97.6
GA,BRYAN,13029,23.9
GA,BULLOCH,13031,81.9
GA,BURKE,13033,38
GA,BUTTS,13035,36.8
GA,CALHOUN,13037,12.1
GA,CAMDEN,13039,31.1
GA,CANDLER,13043,73.5
GA,CARROLL,13045,73.3
GA,CATOOSA,13047,33.9
GA,CHARLTON,13049,57.2
GA,CHATHAM,13051,76.4
GA,CHATTAHOOCHEE,13053,0.9
GA,CHATTOOGA,13055,29.5
GA,CHEROKEE,13057,53.9
GA,CLARKE,13059,136.3
GA,CLAY,13061,15.3
GA,CLAYTON,13063,21
GA,CLINCH,13065,71.5
GA,COBB,13067,38.8
GA,COFFEE,13069,142.4
GA,COLQUITT,13071,86.2
GA,COLUMBIA,13073,58.5
GA,COOK,13075,43.9
GA,COWETA,13077,55.6
GA,CRAWFORD,13079,48.3
GA,CRISP,13081,90
GA,DADE,13083,8.9
GA,DAWSON,13085,35.3
GA,DECATUR,13087,74.5
GA,DEKALB,13089,43.2
GA,DODGE,13091,28.4
GA,DOOLY,13093,1.3
GA,DOUGHERTY,13095,112.3
GA,DOUGLAS,13097,43.8
GA,EARLY,13099,55.5
GA,EFFINGHAM,13103,20.9
GA,ELBERT,13105,57.1
GA,EMANUEL,13107,63.3
GA,EVANS,13109,43.9
GA,FANNIN,13111,75.7
GA,FAYETTE,13113,71.3
GA,FLOYD,13115,148.7
GA,FORSYTH,13117,27.3
GA,FRANKLIN,13119,37.5
GA,FULTON,13121,65
GA,GILMER,13123,50.5
GA,GLYNN,13127,73.6
GA,GORDON,13129,68.9
GA,GRADY,13131,35.3
GA,GREENE,13133,49.1
GA,GWINNETT,13135,29.2
GA,HABERSHAM,13137,27.2
GA,HALL,13139,77.6
GA,HANCOCK,13141,10.1
GA,HARALSON,13143,43.4
GA,HARRIS,13145,4.2
GA,HART,13147,34
GA,HEARD,13149,0.1
GA,HENRY,13151,41.8
GA,HOUSTON,13153,56
GA,IRWIN,13155,30.7
GA,JACKSON,13157,46.9
GA,JASPER,13159,22.8
GA,JEFF DAVIS,13161,31.6
GA,JEFFERSON,13163,40.9
GA,JENKINS,13165,32.5
GA,JOHNSON,13167,18.9
GA,JONES,13169,24.5
GA,LAMAR,13171,16.4
GA,LANIER,13173,26.5
GA,LAURENS,13175,96.3
GA,LEE,13177,28.7
GA,LIBERTY,13179,32.6
GA,LINCOLN,13181,65.1
GA,LONG,13183,0.2
GA,LOWNDES,13185,70.3
GA,LUMPKIN,13187,22.5
GA,MCDUFFIE,13189,64.1
GA,MCINTOSH,13191,4.9
GA,MACON,13193,25.6
GA,MADISON,13195,5.5
GA,MARION,13197,1.6
GA,MERIWETHER,13199,35
GA,MILLER,13201,74.6
GA,MITCHELL,13205,38.5
GA,MONROE,13207,22.8
GA,MONTGOMERY,13209,13.7
GA,MORGAN,13211,22.2
GA,MURRAY,13213,30.9
GA,MUSCOGEE,13215,102.4
GA,NEWTON,13217,37
GA,OCONEE,13219,39.8
GA,OGLETHORPE,13221,3.6
GA,PAULDING,13223,25.5
GA,PEACH,13225,46.1
GA,PICKENS,13227,32.8
GA,PIERCE,13229,35.5
GA,PIKE,13231,5
GA,POLK,13233,29.5
GA,PULASKI,13235,28.7
GA,PUTNAM,13237,14.3
GA,QUITMAN,13239,0.7
GA,RABUN,13241,73.8
GA,RANDOLPH,13243,21.5
GA,RICHMOND,13245,90.4
GA,ROCKDALE,13247,50.6
GA,SCHLEY,13249,13.5
GA,SCREVEN,13251,21
GA,SEMINOLE,13253,120.4
GA,SPALDING,13255,92.1
GA,STEPHENS,13257,64.6
GA,STEWART,13259,24.6
GA,SUMTER,13261,73.1
GA,TALBOT,13263,3.3
GA,TATTNALL,13267,36.5
GA,TAYLOR,13269,3.5
GA,TELFAIR,13271,8.5
GA,TERRELL,13273,6.7
GA,THOMAS,13275,124.2
GA,TIFT,13277,181.6
GA,TOOMBS,13279,55.4
GA,TOWNS,13281,76.2
GA,TREUTLEN,13283,0.3
GA,TROUP,13285,79.3
GA,TURNER,13287,39.7
GA,TWIGGS,13289,0.2
GA,UNION,13291,60
GA,UPSON,13293,90.5
GA,WALKER,13295,13
GA,WALTON,13297,22.3
GA,WARE,13299,160.1
GA,WARREN,13301,6.3
GA,WASHINGTON,13303,22.4
GA,WAYNE,13305,100.6
GA,WEBSTER,13307,0.9
GA,WHEELER,13309,0
GA,WHITE,13311,19.1
GA,WHITFIELD,13313,75.7
GA,WILCOX,13315,2.4
GA,WILKES,13317,43.6
GA,WILKINSON,13319,53.3
GA,WORTH,13321,30.5
HI,HAWAII,15001,36.9
HI,HONOLULU,15003,24.8
HI,KAUAI,15007,29.7
HI,MAUI,15009,28.8
ID,ADA,16001,54.9
ID,ADAMS,16003,13.2
ID,BANNOCK,16005,77.5
ID,BEAR LAKE,16007,66.3
ID,BENEWAH,16009,20.8
ID,BINGHAM,16011,58.1
ID,BLAINE,16013,21.8
ID,BOISE,16015,9.2
ID,BONNER,16017,42.5
ID,BONNEVILLE,16019,72
ID,BOUNDARY,16021,33.7
ID,BUTTE,16023,118.2
ID,CANYON,16027,27.1
ID,CARIBOU,16029,101.3
ID,CASSIA,16031,60.4
ID,CLEARWATER,16035,13.4
ID,CUSTER,16037,8.4
ID,ELMORE,16039,23.4
ID,FRANKLIN,16041,51.3
ID,FREMONT,16043,15.1
ID,GEM,16045,24.3
ID,GOODING,16047,25.9
ID,IDAHO,16049,27.6
ID,JEFFERSON,16051,17.6
ID,JEROME,16053,25.3
ID,KOOTENAI,16055,59
ID,LATAH,16057,26.5
ID,LEMHI,16059,32.7
ID,LEWIS,16061,14.1
ID,LINCOLN,16063,13.4
ID,MADISON,16065,27.7
ID,MINIDOKA,16067,18.2
ID,NEZ PERCE,16069,123.1
ID,ONEIDA,16071,63.9
ID,OWYHEE,16073,6.6
ID,PAYETTE,16075,50.7
ID,POWER,16077,41.2
ID,SHOSHONE,16079,31.5
ID,TETON,16081,21.3
ID,TWIN FALLS,16083,84.4
ID,VALLEY,16085,21
ID,WASHINGTON,16087,48.1
IL,ADAMS,17001,91.4
IL,ALEXANDER,17003,56
IL,BOND,17005,25.3
IL,BOONE,17007,27.1
IL,BROWN,17009,42.5
IL,BUREAU,17011,51.6
IL,CALHOUN,17013,5.6
IL,CARROLL,17015,15.6
IL,CASS,17017,9.2
IL,CHAMPAIGN,17019,46.6
IL,CHRISTIAN,17021,24.6
IL,CLARK,17023,49.9
IL,CLAY,17025,16.4
IL,CLINTON,17027,12.6
IL,COLES,17029,61.9
IL,COOK,17031,36.1
IL,CRAWFORD,17033,9.5
IL,CUMBERLAND,17035,19.2
IL,DEKALB,17037,27.4
IL,DE WITT,17039,23.5
IL,DOUGLAS,17041,13.3
IL,DUPAGE,17043,43
IL,EDGAR,17045,35.1
IL,EDWARDS,17047,36.9
IL,EFFINGHAM,17049,63.3
IL,FAYETTE,17051,18.8
IL,FORD,17053,19.1
IL,FRANKLIN,17055,29
IL,FULTON,17057,49.5
IL,GALLATIN,17059,14.3
IL,GREENE,17061,36.1
IL,GRUNDY,17063,47.1
IL,HAMILTON,17065,10.5
IL,HANCOCK,17067,34.5
IL,HARDIN,17069,159.5
IL,HENDERSON,17071,5.1
IL,HENRY,17073,24.9
IL,IROQUOIS,17075,36.9
IL,JACKSON,17077,98.3
IL,JASPER,17079,19.9
IL,JEFFERSON,17081,96.1
IL,JERSEY,17083,68.3
IL,JO DAVIESS,17085,25.4
IL,JOHNSON,17087,13.1
IL,KANE,17089,21.1
IL,KANKAKEE,17091,55.1
IL,KENDALL,17093,11.3
IL,KNOX,17095,63.3
IL,LAKE,17097,35
IL,LA SALLE,17099,28.7
IL,LAWRENCE,17101,42.5
IL,LEE,17103,23.4
IL,LIVINGSTON,17105,44
IL,LOGAN,17107,30.1
IL,MCDONOUGH,17109,49.4
IL,MCHENRY,17111,27.6
IL,MCLEAN,17113,50.9
IL,MACON,17115,70.9
IL,MACOUPIN,17117,22.2
IL,MADISON,17119,54.6
IL,MARION,17121,55.5
IL,MARSHALL,17123,20.8
IL,MASON,17125,22.7
IL,MASSAC,17127,86.3
IL,MENARD,17129,1
IL,MERCER,17131,21.3
IL,MONROE,17133,21.7
IL,MONTGOMERY,17135,49.1
IL,MORGAN,17137,53.6
IL,MOULTRIE,17139,7.2
IL,OGLE,17141,16.2
IL,PEORIA,17143,98.8
IL,PERRY,17145,59.3
IL,PIATT,17147,25.5
IL,PIKE,17149,41
IL,POPE,17151,22
IL,PUTNAM,17155,36.5
IL,RANDOLPH,17157,39.1
IL,RICHLAND,17159,41.9
IL,ROCK ISLAND,17161,46.1
IL,SAINT CLAIR,17163,53.1
IL,SALINE,17165,129.7
IL,SANGAMON,17167,84.9
IL,SCHUYLER,17169,30.8
IL,SCOTT,17171,3.1
IL,SHELBY,17173,15.7
IL,STARK,17175,0.6
IL,STEPHENSON,17177,49.6
IL,TAZEWELL,17179,29.6
IL,UNION,17181,69.2
IL,VERMILION,17183,50.2
IL,WABASH,17185,35.7
IL,WARREN,17187,32.3
IL,WASHINGTON,17189,25.1
IL,WAYNE,17191,56.2
IL,WHITE,17193,29.1
IL,WHITESIDE,17195,35
IL,WILL,17197,31.2
IL,WILLIAMSON,17199,90
IL,WINNEBAGO,17201,66.2
IL,WOODFORD,17203,30.6
IN,ADAMS,18001,26
IN,ALLEN,18003,80.6
IN,BARTHOLOMEW,18005,52.1
IN,BENTON,18007,7.8
IN,BLACKFORD,18009,25.4
IN,BOONE,18011,39.9
IN,BROWN,18013,17.2
IN,CARROLL,18015,7
IN,CASS,18017,18.8
IN,CLARK,18019,80.3
IN,CLAY,18021,20.6
IN,CLINTON,18023,14.3
IN,CRAWFORD,18025,10.2
IN,DAVIESS,18027,32.8
IN,DEARBORN,18029,73.7
IN,DECATUR,18031,42.8
IN,DE KALB,18033,19.1
IN,DELAWARE,18035,83.1
IN,DUBOIS,18037,61.3
IN,ELKHART,18039,41.2
IN,FAYETTE,18041,31.2
IN,FLOYD,18043,119.2
IN,FOUNTAIN,18045,18.6
IN,FRANKLIN,18047,25.6
IN,FULTON,18049,34.3
IN,GIBSON,18051,35.9
IN,GRANT,18053,34.8
IN,GREENE,18055,37.1
IN,HAMILTON,18057,41.5
IN,HANCOCK,18059,31
IN,HARRISON,18061,60.2
IN,HENDRICKS,18063,41.9
IN,HENRY,18065,46.3
IN,HOWARD,18067,70.3
IN,HUNTINGTON,18069,15.3
IN,JACKSON,18071,59.5
IN,JASPER,18073,71.7
IN,JAY,18075,15.9
IN,JEFFERSON,18077,61.9
IN,JENNINGS,18079,21.5
IN,JOHNSON,18081,67
IN,KNOX,18083,98.5
IN,KOSCIUSKO,18085,19.2
IN,LAGRANGE,18087,10.1
IN,LAKE,18089,62
IN,LA PORTE,18091,52.9
IN,LAWRENCE,18093,34.7
IN,MADISON,18095,60
IN,MARION,18097,67.2
IN,MARSHALL,18099,23.2
IN,MARTIN,18101,46.9
IN,MIAMI,18103,23.5
IN,MONROE,18105,61.5
IN,MONTGOMERY,18107,23.7
IN,MORGAN,18109,39.9
IN,NEWTON,18111,2.6
IN,NOBLE,18113,17.4
IN,OHIO,18115,53.3
IN,ORANGE,18117,27.7
IN,OWEN,18119,23.9
IN,PARKE,18121,38.5
IN,PERRY,18123,21.6
IN,PIKE,18125,38.8
IN,PORTER,18127,53
IN,POSEY,18129,49.5
IN,PULASKI,18131,31.7
IN,PUTNAM,18133,25.9
IN,RANDOLPH,18135,54.2
IN,RIPLEY,18137,35.3
IN,RUSH,18139,21.4
IN,SAINT JOSEPH,18141,67.1
IN,SCOTT,18143,147.1
IN,SHELBY,18145,26.1
IN,SPENCER,18147,17.5
IN,STARKE,18149,51.7
IN,STEUBEN,18151,28.8
IN,SULLIVAN,18153,52.2
IN,SWITZERLAND,18155,5.5
IN,TIPPECANOE,18157,56.2
IN,TIPTON,18159,25.9
IN,UNION,18161,26.5
IN,VANDERBURGH,18163,146.1
IN,VERMILLION,18165,15.6
IN,VIGO,18167,81.3
IN,WABASH,18169,22.7
IN,WARREN,18171,3.1
IN,WARRICK,18173,63.6
IN,WASHINGTON,18175,32.9
IN,WAYNE,18177,74.7
IN,WELLS,18179,40
IN,WHITE,18181,12.2
IN,WHITLEY,18183,21.2
IA,ADAIR,19001,13.8
IA,ADAMS,19003,16.2
IA,ALLAMAKEE,19005,27.5
IA,APPANOOSE,19007,40.1
IA,AUDUBON,19009,34.5
IA,BENTON,19011,16.8
IA,BLACK HAWK,19013,54.7
IA,BOONE,19015,25.6
IA,BREMER,19017,24.6
IA,BUCHANAN,19019,12.9
IA,BUENA VISTA,19021,28.1
IA,BUTLER,19023,11.1
IA,CALHOUN,19025,52
IA,CARROLL,19027,45.3
IA,CASS,19029,42.4
IA,CEDAR,19031,18.2
IA,CERRO GORDO,19033,69.5
IA,CHEROKEE,19035,21.5
IA,CHICKASAW,19037,6
IA,CLARKE,19039,17.6
IA,CLAY,19041,60.2
IA,CLAYTON,19043,11.2
IA,CLINTON,19045,36.6
IA,CRAWFORD,19047,28.5
IA,DALLAS,19049,10.7
IA,DAVIS,19051,35.9
IA,DECATUR,19053,49.7
IA,DELAWARE,19055,24.3
IA,DES MOINES,19057,47.3
IA,DICKINSON,19059,25
IA,DUBUQUE,19061,36.1
IA,EMMET,19063,27.2
IA,FAYETTE,19065,20.2
IA,FLOYD,19067,38.3
IA,FRANKLIN,19069,5.6
IA,FREMONT,19071,22.4
IA,GREENE,19073,43.3
IA,GRUNDY,19075,33.8
IA,GUTHRIE,19077,36.4
IA,HAMILTON,19079,49.8
IA,HANCOCK,19081,29.7
IA,HARDIN,19083,35.8
IA,HARRISON,19085,36.6
IA,HENRY,19087,30.8
IA,HOWARD,19089,10.3
IA,HUMBOLDT,19091,21.5
IA,IDA,19093,36.1
IA,IOWA,19095,22.2
IA,JACKSON,19097,13.8
IA,JASPER,19099,33.3
IA,JEFFERSON,19101,37.6
IA,JOHNSON,19103,67.9
IA,JONES,19105,17.3
IA,KEOKUK,19107,4.3
IA,KOSSUTH,19109,15.2
IA,LEE,19111,34.6
IA,LINN,19113,33.6
IA,LOUISA,19115,12.1
IA,LUCAS,19117,40.9
IA,LYON,19119,20
IA,MADISON,19121,28
IA,MAHASKA,19123,40.9
IA,MARION,19125,34.7
IA,MARSHALL,19127,33.1
IA,MILLS,19129,35.6
IA,MITCHELL,19131,18.7
IA,MONONA,19133,37.9
IA,MONROE,19135,84.1
IA,MONTGOMERY,19137,34.6
IA,MUSCATINE,19139,29.8
IA,OBRIEN,19141,41.2
IA,OSCEOLA,19143,12.8
IA,PAGE,19145,47.7
IA,PALO ALTO,19147,8.6
IA,PLYMOUTH,19149,19.4
IA,POCAHONTAS,19151,18.4
IA,POLK,19153,60.2
IA,POTTAWATTAMIE,19155,40.3
IA,POWESHIEK,19157,35
IA,RINGGOLD,19159,46.9
IA,SAC,19161,21.7
IA,SCOTT,19163,54.4
IA,SHELBY,19165,33.1
IA,SIOUX,19167,18.9
IA,STORY,19169,30.1
IA,TAMA,19171,23.5
IA,TAYLOR,19173,60.2
IA,UNION,19175,54.8
IA,VAN BUREN,19177,37.7
IA,WAPELLO,19179,37.7
IA,WARREN,19181,20.1
IA,WASHINGTON,19183,23.4
IA,WAYNE,19185,95.9
IA,WEBSTER,19187,50.6
IA,WINNEBAGO,19189,33.5
IA,WINNESHIEK,19191,21.9
IA,WOODBURY,19193,44.3
IA,WORTH,19195,1.5
IA,WRIGHT,19197,29.8
KS,ALLEN,20001,83.3
KS,ANDERSON,20003,7.9
KS,ATCHISON,20005,52.7
KS,BARBER,20007,24.1
KS,BARTON,20009,62.2
KS,BOURBON,20011,62.6
KS,BROWN,20013,73.5
KS,BUTLER,20015,61.7
KS,CHASE,20017,13.6
KS,CHAUTAUQUA,20019,38
KS,CHEROKEE,20021,35.8
KS,CHEYENNE,20023,150.1
KS,CLARK,20025,55.2
KS,CLAY,20027,67
KS,CLOUD,20029,12.3
KS,COFFEY,20031,85.1
KS,COMANCHE,20033,9.5
KS,COWLEY,20035,57.8
KS,CRAWFORD,20037,71.7
KS,DECATUR,20039,29.9
KS,DICKINSON,20041,48.7
KS,DONIPHAN,20043,2.8
KS,DOUGLAS,20045,41.9
KS,EDWARDS,20047,54.6
KS,ELK,20049,1.6
KS,ELLIS,20051,56.5
KS,ELLSWORTH,20053,59.5
KS,FINNEY,20055,30.4
KS,FORD,20057,69.7
KS,FRANKLIN,20059,40.9
KS,GEARY,20061,38.9
KS,GOVE,20063,24.1
KS,GRAHAM,20065,13.9
KS,GRANT,20067,23.3
KS,GRAY,20069,22.7
KS,GREELEY,20071,117.6
KS,GREENWOOD,20073,15.2
KS,HAMILTON,20075,6
KS,HARPER,20077,38.7
KS,HARVEY,20079,72.8
KS,HASKELL,20081,18
KS,HODGEMAN,20083,23.5
KS,JACKSON,20085,25.3
KS,JEFFERSON,20087,13
KS,JEWELL,20089,0.2
KS,JOHNSON,20091,55.9
KS,KEARNY,20093,70.4
KS,KINGMAN,20095,24.7
KS,KIOWA,20097,74.4
KS,LABETTE,20099,63.8
KS,LANE,20101,38.5
KS,LEAVENWORTH,20103,27.4
KS,LINCOLN,20105,6.3
KS,LINN,20107,9.8
KS,LOGAN,20109,44.1
KS,LYON,20111,39.7
KS,MCPHERSON,20113,34.5
KS,MARION,20115,8.5
KS,MARSHALL,20117,32.5
KS,MEADE,20119,26.5
KS,MIAMI,20121,23.3
KS,MITCHELL,20123,66.5
KS,MONTGOMERY,20125,42.6
KS,MORRIS,20127,11.3
KS,MORTON,20129,102.8
KS,NEMAHA,20131,14.5
KS,NEOSHO,20133,81.4
KS,NESS,20135,52.7
KS,NORTON,20137,70.1
KS,OSAGE,20139,17.4
KS,OSBORNE,20141,61.3
KS,OTTAWA,20143,14.1
KS,PAWNEE,20145,19
KS,PHILLIPS,20147,49.8
KS,POTTAWATOMIE,20149,10.3
KS,PRATT,20151,96.3
KS,RAWLINS,20153,38.9
KS,RENO,20155,71.6
KS,REPUBLIC,20157,13.9
KS,RICE,20159,12.3
KS,RILEY,20161,40.6
KS,ROOKS,20163,54.4
KS,RUSH,20165,42.6
KS,RUSSELL,20167,84.6
KS,SALINE,20169,94.3
KS,SCOTT,20171,77.3
KS,SEDGWICK,20173,88.6
KS,SEWARD,20175,54.8
KS,SHAWNEE,20177,55.6
KS,SHERIDAN,20179,19
KS,SHERMAN,20181,33.3
KS,SMITH,20183,89.7
KS,STAFFORD,20185,21.6
KS,STANTON,20187,105.8
KS,STEVENS,20189,11.5
KS,SUMNER,20191,48.7
KS,THOMAS,20193,55.9
KS,TREGO,20195,117.2
KS,WABAUNSEE,20197,5.7
KS,WALLACE,20199,3.1
KS,WASHINGTON,20201,47
KS,WICHITA,20203,12.2
KS,WILSON,20205,109.1
KS,WOODSON,20207,11.3
KS,WYANDOTTE,20209,98.1
KY,ADAIR,21001,51
KY,ALLEN,21003,33.5
KY,ANDERSON,21005,23.1
KY,BALLARD,21007,4.2
KY,BARREN,21009,78.3
KY,BATH,21011,6.1
KY,BELL,21013,140
KY,BOONE,21015,40.4
KY,BOURBON,21017,34.3
KY,BOYD,21019,93.7
KY,BOYLE,21021,94.4
KY,BRACKEN,21023,27.6
KY,BREATHITT,21025,64.3
KY,BRECKINRIDGE,21027,23.3
KY,BULLITT,21029,16.5
KY,BUTLER,21031,26.6
KY,CALDWELL,21033,35.1
KY,CALLOWAY,21035,50
KY,CAMPBELL,21037,38.5
KY,CARLISLE,21039,77.6
KY,CARROLL,21041,44.1
KY,CARTER,21043,25.8
KY,CASEY,21045,30.3
KY,CHRISTIAN,21047,33.6
KY,CLARK,21049,188.1
KY,CLAY,21051,138.3
KY,CLINTON,21053,62
KY,CRITTENDEN,21055,58.1
KY,CUMBERLAND,21057,64.8
KY,DAVIESS,21059,73.3
KY,EDMONSON,21061,14.9
KY,ELLIOTT,21063,4.2
KY,ESTILL,21065,39.1
KY,FAYETTE,21067,115.3
KY,FLEMING,21069,38.2
KY,FLOYD,21071,133.4
KY,FRANKLIN,21073,48.7
KY,FULTON,21075,19.2
KY,GALLATIN,21077,75.3
KY,GARRARD,21079,26.9
KY,GRANT,21081,18.4
KY,GRAVES,21083,28.7
KY,GRAYSON,21085,53.8
KY,GREEN,21087,24.7
KY,GREENUP,21089,29.6
KY,HANCOCK,21091,2.6
KY,HARDIN,21093,67.1
KY,HARLAN,21095,63.2
KY,HARRISON,21097,49.6
KY,HART,21099,12.3
KY,HENDERSON,21101,63.6
KY,HENRY,21103,25.6
KY,HICKMAN,21105,48.3
KY,HOPKINS,21107,89.7
KY,JACKSON,21109,5.9
KY,JEFFERSON,21111,86.5
KY,JESSAMINE,21113,34.3
KY,JOHNSON,21115,109.8
KY,KENTON,21117,79.4
KY,KNOTT,21119,45.9
KY,KNOX,21121,61.2
KY,LARUE,21123,25.4
KY,LAUREL,21125,88.9
KY,LAWRENCE,21127,44.5
KY,LEE,21129,85.4
KY,LESLIE,21131,36
KY,LETCHER,21133,33.8
KY,LEWIS,21135,17.3
KY,LINCOLN,21137,9.7
KY,LIVINGSTON,21139,31.3
KY,LOGAN,21141,21.6
KY,LYON,21143,47.9
KY,MCCRACKEN,21145,244.4
KY,MCCREARY,21147,26.6
KY,MCLEAN,21149,9.9
KY,MADISON,21151,29.7
KY,MAGOFFIN,21153,68.3
KY,MARION,21155,40.5
KY,MARSHALL,21157,37.1
KY,MARTIN,21159,76.4
KY,MASON,21161,50.4
KY,MEADE,21163,7.1
KY,MENIFEE,21165,14.1
KY,MERCER,21167,19.4
KY,METCALFE,21169,16.6
KY,MONROE,21171,36.5
KY,MONTGOMERY,21173,64.2
KY,MORGAN,21175,50
KY,MUHLENBERG,21177,40.7
KY,NELSON,21179,39.6
KY,NICHOLAS,21181,1.2
KY,OHIO,21183,82.2
KY,OLDHAM,21185,17.6
KY,OWEN,21187,10.3
KY,OWSLEY,21189,192.2
KY,PENDLETON,21191,23.3
KY,PERRY,21193,316.5
KY,PIKE,21195,119.9
KY,POWELL,21197,59.2
KY,PULASKI,21199,53.2
KY,ROCKCASTLE,21203,48
KY,ROWAN,21205,57.6
KY,RUSSELL,21207,40.9
KY,SCOTT,21209,37
KY,SHELBY,21211,25.5
KY,SIMPSON,21213,24.5
KY,SPENCER,21215,7.1
KY,TAYLOR,21217,47.2
KY,TODD,21219,6.2
KY,TRIGG,21221,13.9
KY,TRIMBLE,21223,36.2
KY,UNION,21225,39.2
KY,WARREN,21227,88
KY,WASHINGTON,21229,13.7
KY,WAYNE,21231,102.9
KY,WEBSTER,21233,44.4
KY,WHITLEY,21235,132.8
KY,WOLFE,21237,76.6
KY,WOODFORD,21239,31.3
LA,ACADIA,22001,28.4
LA,ALLEN,22003,34.7
LA,ASCENSION,22005,33.5
LA,ASSUMPTION,22007,20.7
LA,AVOYELLES,22009,34.7
LA,BEAUREGARD,22011,29.5
LA,BIENVILLE,22013,13
LA,BOSSIER,22015,57.4
LA,CADDO,22017,134.5
LA,CALCASIEU,22019,59.4
LA,CALDWELL,22021,37.2
LA,CAMERON,22023,3.3
LA,CATAHOULA,22025,12.7
LA,CLAIBORNE,22027,69.1
LA,CONCORDIA,22029,32.8
LA,DE SOTO,22031,18.3
LA,EAST BATON ROUGE,22033,98.2
LA,EAST CARROLL,22035,70.9
LA,EAST FELICIANA,22037,23.7
LA,EVANGELINE,22039,103.1
LA,FRANKLIN,22041,62.9
LA,GRANT,22043,5.3
LA,IBERIA,22045,84.4
LA,IBERVILLE,22047,9.3
LA,JACKSON,22049,20.2
LA,JEFFERSON,22051,88.6
LA,JEFFERSON DAVIS,22053,47.4
LA,LAFAYETTE,22055,88.2
LA,LAFOURCHE,22057,46
LA,LA SALLE,22059,65.7
LA,LINCOLN,22061,52.7
LA,LIVINGSTON,22063,17.1
LA,MADISON,22065,4.5
LA,MOREHOUSE,22067,42.9
LA,NATCHITOCHES,22069,30.3
LA,ORLEANS,22071,87.6
LA,OUACHITA,22073,93.9
LA,PLAQUEMINES,22075,14.7
LA,POINTE COUPEE,22077,28.6
LA,RAPIDES,22079,117.4
LA,RED RIVER,22081,44.8
LA,RICHLAND,22083,85.4
LA,SABINE,22085,30.1
LA,SAINT BERNARD,22087,21.6
LA,SAINT CHARLES,22089,12
LA,SAINT HELENA,22091,29
LA,SAINT JAMES,22093,53.4
LA,ST JOHN THE BAPTIST,22095,65.3
LA,SAINT LANDRY,22097,72.9
LA,SAINT MARTIN,22099,14.9
LA,SAINT MARY,22101,30.8
LA,SAINT TAMMANY,22103,77.7
LA,TANGIPAHOA,22105,38.8
LA,TENSAS,22107,24.4
LA,TERREBONNE,22109,66.1
LA,UNION,22111,35.9
LA,VERMILION,22113,23
LA,VERNON,22115,44.5
LA,WASHINGTON,22117,42.3
LA,WEBSTER,22119,40.6
LA,WEST BATON ROUGE,22121,16.7
LA,WEST CARROLL,22123,17.7
LA,WEST FELICIANA,22125,13.2
LA,WINN,22127,37.1
ME,ANDROSCOGGIN,23001,49.6
ME,AROOSTOOK,23003,49.6
ME,CUMBERLAND,23005,45.3
ME,FRANKLIN,23007,28.5
ME,HANCOCK,23009,36.3
ME,KENNEBEC,23011,60.9
ME,KNOX,23013,34.1
ME,LINCOLN,23015,37.1
ME,OXFORD,23017,26.6
ME,PENOBSCOT,23019,42.9
ME,PISCATAQUIS,23021,20
ME,SAGADAHOC,23023,31.4
ME,SOMERSET,23025,30
ME,WALDO,23027,30.1
ME,WASHINGTON,23029,27.5
ME,YORK,23031,29.1
MD,ALLEGANY,24001,91
MD,ANNE ARUNDEL,24003,44
MD,BALTIMORE,24005,41.8
MD,CALVERT,24009,45.4
MD,CAROLINE,24011,40.2
MD,CARROLL,24013,31.7
MD,CECIL,24015,16.4
MD,CHARLES,24017,36.9
MD,DORCHESTER,24019,26
MD,FREDERICK,24021,56.6
MD,GARRETT,24023,40
MD,HARFORD,24025,35.1
MD,HOWARD,24027,26.4
MD,KENT,24029,69.8
MD,MONTGOMERY,24031,25
MD,PRINCE GEORGE'S,24033,24.8
MD,QUEEN ANNE'S,24035,33.8
MD,SAINT MARYS,24037,21.5
MD,SOMERSET,24039,6.8
MD,TALBOT,24041,91
MD,WASHINGTON,24043,86
MD,WICOMICO,24045,65.3
MD,WORCESTER,24047,26.7
MD,BALTIMORE CITY,24510,68.6
MA,BARNSTABLE,25001,32.1
MA,BERKSHIRE,25003,36.6
MA,BRISTOL,25005,41.8
MA,DUKES,25007,21.4
MA,ESSEX,25009,27
MA,FRANKLIN,25011,26.4
MA,HAMPDEN,25013,44.1
MA,HAMPSHIRE,25015,33.7
MA,MIDDLESEX,25017,22.6
MA,NANTUCKET,25019,24.2
MA,NORFOLK,25021,24.7
MA,PLYMOUTH,25023,25.2
MA,SUFFOLK,25025,62.9
MA,WORCESTER,25027,33.1
MI,ALCONA,26001,24.6
MI,ALGER,26003,15.4
MI,ALLEGAN,26005,13.5
MI,ALPENA,26007,52.4
MI,ANTRIM,26009,46.4
MI,ARENAC,26011,26.1
MI,BARAGA,26013,36.3
MI,BARRY,26015,23
MI,BAY,26017,66.6
MI,BENZIE,26019,41
MI,BERRIEN,26021,42.7
MI,BRANCH,26023,30.4
MI,CALHOUN,26025,63.6
MI,CASS,26027,11.2
MI,CHARLEVOIX,26029,35.1
MI,CHEBOYGAN,26031,51.6
MI,CHIPPEWA,26033,33.2
MI,CLARE,26035,42.1
MI,CLINTON,26037,24.2
MI,CRAWFORD,26039,75.8
MI,DELTA,26041,58.3
MI,DICKINSON,26043,43.1
MI,EATON,26045,30.3
MI,EMMET,26047,105.3
MI,GENESEE,26049,73.2
MI,GLADWIN,26051,30.6
MI,GOGEBIC,26053,47.1
MI,GRAND TRAVERSE,26055,81.3
MI,GRATIOT,26057,32.3
MI,HILLSDALE,26059,31.2
MI,HOUGHTON,26061,31.5
MI,HURON,26063,33.4
MI,INGHAM,26065,73.4
MI,IONIA,26067,33.3
MI,IOSCO,26069,53.9
MI,IRON,26071,39.5
MI,ISABELLA,26073,31.7
MI,JACKSON,26075,40.2
MI,KALAMAZOO,26077,64.7
MI,KALKASKA,26079,39.9
MI,KENT,26081,59.6
MI,LAKE,26085,6.7
MI,LAPEER,26087,31.1
MI,LEELANAU,26089,6.1
MI,LENAWEE,26091,38.9
MI,LIVINGSTON,26093,25.4
MI,LUCE,26095,41.9
MI,MACKINAC,26097,42.6
MI,MACOMB,26099,54
MI,MANISTEE,26101,58.6
MI,MARQUETTE,26103,57.4
MI,MASON,26105,48.6
MI,MECOSTA,26107,73.2
MI,MENOMINEE,26109,15.4
MI,MIDLAND,26111,50.6
MI,MISSAUKEE,26113,6.2
MI,MONROE,26115,37.2
MI,MONTCALM,26117,47.7
MI,MONTMORENCY,26119,17.4
MI,MUSKEGON,26121,66.5
MI,NEWAYGO,26123,35
MI,OAKLAND,26125,69.7
MI,OCEANA,26127,42.4
MI,OGEMAW,26129,78.2
MI,ONTONAGON,26131,49.5
MI,OSCEOLA,26133,19.8
MI,OSCODA,26135,8.2
MI,OTSEGO,26137,111.5
MI,OTTAWA,26139,28
MI,PRESQUE ISLE,26141,20.1
MI,ROSCOMMON,26143,41.7
MI,SAGINAW,26145,80.2
MI,SAINT CLAIR,26147,56.3
MI,SAINT JOSEPH,26149,33.2
MI,SANILAC,26151,17.7
MI,SCHOOLCRAFT,26153,45.6
MI,SHIAWASSEE,26155,33.7
MI,TUSCOLA,26157,41.8
MI,VAN BUREN,26159,35.7
MI,WASHTENAW,26161,70.2
MI,WAYNE,26163,55.7
MI,WEXFORD,26165,62.9
MN,AITKIN,27001,44.5
MN,ANOKA,27003,20.3
MN,BECKER,27005,21.2
MN,BELTRAMI,27007,29.5
MN,BENTON,27009,2.3
MN,BIG STONE,27011,45
MN,BLUE EARTH,27013,45.8
MN,BROWN,27015,29.3
MN,CARLTON,27017,26.5
MN,CARVER,27019,23.9
MN,CASS,27021,8.4
MN,CHIPPEWA,27023,21.6
MN,CHISAGO,27025,15
MN,CLAY,27027,10
MN,CLEARWATER,27029,57.4
MN,COOK,27031,6.7
MN,COTTONWOOD,27033,20.2
MN,CROW WING,27035,33.3
MN,DAKOTA,27037,18.4
MN,DODGE,27039,2.4
MN,DOUGLAS,27041,37.6
MN,FARIBAULT,27043,25.6
MN,FILLMORE,27045,17.9
MN,FREEBORN,27047,17.9
MN,GOODHUE,27049,20.2
MN,GRANT,27051,24.2
MN,HENNEPIN,27053,38
MN,HOUSTON,27055,11.4
MN,HUBBARD,27057,29.5
MN,ISANTI,27059,23.2
MN,ITASCA,27061,30.3
MN,JACKSON,27063,14.9
MN,KANABEC,27065,32.3
MN,KANDIYOHI,27067,29.1
MN,KITTSON,27069,13.7
MN,KOOCHICHING,27071,36.5
MN,LAC QUI PARLE,27073,42.5
MN,LAKE,27075,13.2
MN,LAKE OF THE WOODS,27077,4.7
MN,LE SUEUR,27079,2
MN,LINCOLN,27081,51.8
MN,LYON,27083,25
MN,MCLEOD,27085,23.3
MN,MAHNOMEN,27087,5
MN,MARSHALL,27089,9.1
MN,MARTIN,27091,51.1
MN,MEEKER,27093,7.5
MN,MILLE LACS,27095,30.2
MN,MORRISON,27097,35.7
MN,MOWER,27099,14.6
MN,MURRAY,27101,20.6
MN,NICOLLET,27103,15.6
MN,NOBLES,27105,18.2
MN,NORMAN,27107,9.8
MN,OLMSTED,27109,84.3
MN,OTTER TAIL,27111,23.7
MN,PENNINGTON,27113,35.8
MN,PINE,27115,25.1
MN,PIPESTONE,27117,36.7
MN,POLK,27119,28.8
MN,POPE,27121,39.9
MN,RAMSEY,27123,40
MN,RED LAKE,27125,3.2
MN,REDWOOD,27127,14.9
MN,RENVILLE,27129,61
MN,RICE,27131,19.5
MN,ROCK,27133,30.9
MN,ROSEAU,27135,39.3
MN,SAINT LOUIS,27137,47.7
MN,SCOTT,27139,8.8
MN,SHERBURNE,27141,11.7
MN,SIBLEY,27143,11.5
MN,STEARNS,27145,39.2
MN,STEELE,27147,21.7
MN,STEVENS,27149,28.3
MN,SWIFT,27151,37.7
MN,TODD,27153,7.5
MN,TRAVERSE,27155,10
MN,WABASHA,27157,9.6
MN,WADENA,27159,84
MN,WASECA,27161,16.4
MN,WASHINGTON,27163,25.4
MN,WATONWAN,27165,41
MN,WILKIN,27167,6.1
MN,WINONA,27169,18.2
MN,WRIGHT,27171,15.4
MN,YELLOW MEDICINE,27173,38.1
MS,ADAMS,28001,91
MS,ALCORN,28003,109.9
MS,AMITE,28005,10.9
MS,ATTALA,28007,34.7
MS,BENTON,28009,9.7
MS,BOLIVAR,28011,35.5
MS,CALHOUN,28013,45.9
MS,CARROLL,28015,10.6
MS,CHICKASAW,28017,24.4
MS,CHOCTAW,28019,19.4
MS,CLAIBORNE,28021,18.7
MS,CLARKE,28023,20.1
MS,CLAY,28025,30.1
MS,COAHOMA,28027,33.4
MS,COPIAH,28029,51.4
MS,COVINGTON,28031,38
MS,DESOTO,28033,62
MS,FORREST,28035,193.8
MS,FRANKLIN,28037,4.6
MS,GEORGE,28039,44.4
MS,GREENE,28041,14.3
MS,GRENADA,28043,63.2
MS,HANCOCK,28045,33.9
MS,HARRISON,28047,83.6
MS,HINDS,28049,108.6
MS,HOLMES,28051,22.7
MS,HUMPHREYS,28053,17.7
MS,ITAWAMBA,28057,26.6
MS,JACKSON,28059,66.2
MS,JASPER,28061,3.3
MS,JEFFERSON,28063,2.7
MS,JEFFERSON DAVIS,28065,23.7
MS,JONES,28067,104.2
MS,KEMPER,28069,3.6
MS,LAFAYETTE,28071,72.3
MS,LAMAR,28073,13.8
MS,LAUDERDALE,28075,157.7
MS,LAWRENCE,28077,44.3
MS,LEAKE,28079,46.2
MS,LEE,28081,117
MS,LEFLORE,28083,108.2
MS,LINCOLN,28085,79.3
MS,LOWNDES,28087,56.2
MS,MADISON,28089,49.2
MS,MARION,28091,56.9
MS,MARSHALL,28093,23.4
MS,MONROE,28095,39.3
MS,MONTGOMERY,28097,18.6
MS,NESHOBA,28099,24.3
MS,NEWTON,28101,15.3
MS,NOXUBEE,28103,14.1
MS,OKTIBBEHA,28105,69.5
MS,PANOLA,28107,23.2
MS,PEARL RIVER,28109,32.9
MS,PERRY,28111,35.8
MS,PIKE,28113,53.9
MS,PONTOTOC,28115,26.8
MS,PRENTISS,28117,38.8
MS,QUITMAN,28119,8.5
MS,RANKIN,28121,63.3
MS,SCOTT,28123,23.7
MS,SHARKEY,28125,5.7
MS,SIMPSON,28127,29.7
MS,SMITH,28129,4.1
MS,STONE,28131,60.2
MS,SUNFLOWER,28133,28.7
MS,TALLAHATCHIE,28135,18.9
MS,TATE,28137,39.2
MS,TIPPAH,28139,19.3
MS,TISHOMINGO,28141,56.3
MS,TUNICA,28143,9.8
MS,UNION,28145,70.3
MS,WALTHALL,28147,20.4
MS,WARREN,28149,78.9
MS,WASHINGTON,28151,69
MS,WAYNE,28153,33.1
MS,WEBSTER,28155,104.8
MS,WILKINSON,28157,39.1
MS,WINSTON,28159,28.8
MS,YALOBUSHA,28161,10.5
MS,YAZOO,28163,10.5
MO,ADAIR,29001,85.3
MO,ANDREW,29003,2.5
MO,ATCHISON,29005,62.5
MO,AUDRAIN,29007,26.4
MO,BARRY,29009,53.2
MO,BARTON,29011,35.1
MO,BATES,29013,28.8
MO,BENTON,29015,32.3
MO,BOLLINGER,29017,17.6
MO,BOONE,29019,80.3
MO,BUCHANAN,29021,54.4
MO,BUTLER,29023,125.4
MO,CALDWELL,29025,6.6
MO,CALLAWAY,29027,18.9
MO,CAMDEN,29029,49.7
MO,CAPE GIRARDEAU,29031,102.8
MO,CARROLL,29033,49.8
MO,CARTER,29035,15.6
MO,CASS,29037,41.6
MO,CEDAR,29039,63.2
MO,CHARITON,29041,6.5
MO,CHRISTIAN,29043,45.4
MO,CLARK,29045,39.2
MO,CLAY,29047,51.9
MO,CLINTON,29049,27.6
MO,COLE,29051,68.2
MO,COOPER,29053,14.7
MO,CRAWFORD,29055,5.2
MO,DADE,29057,57.9
MO,DALLAS,29059,16.1
MO,DAVIESS,29061,39.1
MO,DEKALB,29063,4.1
MO,DENT,29065,54.9
MO,DOUGLAS,29067,8.2
MO,DUNKLIN,29069,74.1
MO,FRANKLIN,29071,48.3
MO,GASCONADE,29073,30.9
MO,GENTRY,29075,32.1
MO,GREENE,29077,83
MO,GRUNDY,29079,34.8
MO,HARRISON,29081,35.7
MO,HENRY,29083,68.7
MO,HICKORY,29085,16.9
MO,HOLT,29087,1.8
MO,HOWARD,29089,59.3
MO,HOWELL,29091,93.7
MO,IRON,29093,9.2
MO,JACKSON,29095,58.4
MO,JASPER,29097,95.8
MO,JEFFERSON,29099,32.1
MO,JOHNSON,29101,31.5
MO,KNOX,29103,1.1
MO,LACLEDE,29105,36.4
MO,LAFAYETTE,29107,29.4
MO,LAWRENCE,29109,35.7
MO,LEWIS,29111,55
MO,LINCOLN,29113,27.4
MO,LINN,29115,18
MO,LIVINGSTON,29117,21.1
MO,MCDONALD,29119,8.2
MO,MACON,29121,31.2
MO,MADISON,29123,38.8
MO,MARIES,29125,5.2
MO,MARION,29127,83.6
MO,MERCER,29129,21.7
MO,MILLER,29131,19.8
MO,MISSISSIPPI,29133,64.3
MO,MONITEAU,29135,10.2
MO,MONROE,29137,7.8
MO,MONTGOMERY,29139,33.4
MO,MORGAN,29141,6.3
MO,NEW MADRID,29143,4.4
MO,NEWTON,29145,17.8
MO,NODAWAY,29147,37.8
MO,OREGON,29149,7.6
MO,OSAGE,29151,19.7
MO,OZARK,29153,13.7
MO,PEMISCOT,29155,32.4
MO,PERRY,29157,7
MO,PETTIS,29159,35
MO,PHELPS,29161,76.9
MO,PIKE,29163,40.2
MO,PLATTE,29165,37.1
MO,POLK,29167,60.6
MO,PULASKI,29169,31.8
MO,PUTNAM,29171,9.8
MO,RALLS,29173,11.9
MO,RANDOLPH,29175,32
MO,RAY,29177,36
MO,REYNOLDS,29179,1.9
MO,RIPLEY,29181,39.5
MO,SAINT CHARLES,29183,33.3
MO,SAINT CLAIR,29185,34
MO,SAINTE GENEVIEVE,29186,15.2
MO,SAINT FRANCOIS,29187,99.5
MO,SAINT LOUIS,29189,68.8
MO,SALINE,29195,42
MO,SCHUYLER,29197,2.7
MO,SCOTLAND,29199,40.8
MO,SCOTT,29201,70.6
MO,SHANNON,29203,4
MO,SHELBY,29205,5.3
MO,STODDARD,29207,38
MO,STONE,29209,28.7
MO,SULLIVAN,29211,63.2
MO,TANEY,29213,68.8
MO,TEXAS,29215,26.6
MO,VERNON,29217,33.8
MO,WARREN,29219,8.6
MO,WASHINGTON,29221,11.1
MO,WAYNE,29223,0.9
MO,WEBSTER,29225,45.8
MO,WRIGHT,29229,65.3
MO,SAINT LOUIS CITY,29510,80.7
MT,BEAVERHEAD,30001,34.1
MT,BIG HORN,30003,9
MT,BLAINE,30005,11.9
MT,BROADWATER,30007,13.1
MT,CARBON,30009,13
MT,CARTER,30011,0.3
MT,CASCADE,30013,56.8
MT,CHOUTEAU,30015,15.4
MT,CUSTER,30017,77.7
MT,DANIELS,30019,0.3
MT,DAWSON,30021,29.4
MT,DEER LODGE,30023,52.7
MT,FALLON,30025,5.3
MT,FERGUS,30027,32.6
MT,FLATHEAD,30029,66.1
MT,GALLATIN,30031,29.2
MT,GARFIELD,30033,9.6
MT,GLACIER,30035,17.3
MT,GRANITE,30039,18.5
MT,HILL,30041,30.2
MT,JEFFERSON,30043,15.3
MT,JUDITH BASIN,30045,1.2
MT,LAKE,30047,39.5
MT,LEWIS AND CLARK,30049,44.7
MT,LIBERTY,30051,10.1
MT,LINCOLN,30053,56.1
MT,MCCONE,30055,23.3
MT,MADISON,30057,9.4
MT,MEAGHER,30059,34.4
MT,MINERAL,30061,25
MT,MISSOULA,30063,59.2
MT,MUSSELSHELL,30065,25.9
MT,PARK,30067,28
MT,PHILLIPS,30071,41.3
MT,PONDERA,30073,43.1
MT,POWDER RIVER,30075,1.4
MT,POWELL,30077,55.7
MT,PRAIRIE,30079,18.6
MT,RAVALLI,30081,31
MT,RICHLAND,30083,17.8
MT,ROOSEVELT,30085,26
MT,ROSEBUD,30087,13.6
MT,SANDERS,30089,44.2
MT,SHERIDAN,30091,1.9
MT,SILVER BOW,30093,51.4
MT,STILLWATER,30095,24.6
MT,SWEET GRASS,30097,13
MT,TETON,30099,14.6
MT,TOOLE,30101,110.3
MT,VALLEY,30105,18.7
MT,WHEATLAND,30107,3.7
MT,YELLOWSTONE,30111,68.1
NE,ADAMS,31001,48.1
NE,ANTELOPE,31003,40.5
NE,BOONE,31011,13.5
NE,BOX BUTTE,31013,64.5
NE,BOYD,31015,33.8
NE,BROWN,31017,7.1
NE,BUFFALO,31019,73.1
NE,BURT,31021,18.7
NE,BUTLER,31023,41.9
NE,CASS,31025,9.4
NE,CEDAR,31027,14.9
NE,CHASE,31029,70.7
NE,CHERRY,31031,18.8
NE,CHEYENNE,31033,30.8
NE,CLAY,31035,1.5
NE,COLFAX,31037,10.3
NE,CUMING,31039,10
NE,CUSTER,31041,43.3
NE,DAKOTA,31043,21.4
NE,DAWES,31045,35.9
NE,DAWSON,31047,25.1
NE,DEUEL,31049,2.1
NE,DIXON,31051,8.1
NE,DODGE,31053,43.1
NE,DOUGLAS,31055,64.3
NE,DUNDY,31057,30.8
NE,FILLMORE,31059,20
NE,FRANKLIN,31061,80.6
NE,FRONTIER,31063,5
NE,FURNAS,31065,31.6
NE,GAGE,31067,25.6
NE,GARDEN,31069,30.2
NE,GARFIELD,31071,75
NE,HALL,31079,64.7
NE,HAMILTON,31081,57.7
NE,HARLAN,31083,34.6
NE,HAYES,31085,2.3
NE,HITCHCOCK,31087,17.4
NE,HOLT,31089,48.8
NE,HOOKER,31091,14.6
NE,HOWARD,31093,36
NE,JEFFERSON,31095,44.5
NE,JOHNSON,31097,51
NE,KEARNEY,31099,28.3
NE,KEITH,31101,47.4
NE,KIMBALL,31105,35.9
NE,KNOX,31107,28.4
NE,LANCASTER,31109,47.6
NE,LINCOLN,31111,76.8
NE,MADISON,31119,92.2
NE,MERRICK,31121,39
NE,MORRILL,31123,12.4
NE,NANCE,31125,4.5
NE,NEMAHA,31127,77.9
NE,NUCKOLLS,31129,7.4
NE,OTOE,31131,38
NE,PAWNEE,31133,37.8
NE,PERKINS,31135,86.9
NE,PHELPS,31137,89.7
NE,PIERCE,31139,43
NE,PLATTE,31141,27
NE,POLK,31143,8.7
NE,RED WILLOW,31145,45.3
NE,RICHARDSON,31147,16.8
NE,ROCK,31149,10.2
NE,SALINE,31151,26.3
NE,SARPY,31153,26.6
NE,SAUNDERS,31155,19.3
NE,SCOTTS BLUFF,31157,75
NE,SEWARD,31159,27.3
NE,SHERIDAN,31161,4.8
NE,SHERMAN,31163,3.4
NE,THAYER,31169,8.6
NE,THOMAS,31171,2.2
NE,THURSTON,31173,22.2
NE,VALLEY,31175,75.1
NE,WASHINGTON,31177,14.6
NE,WAYNE,31179,33.1
NE,WEBSTER,31181,2
NE,YORK,31185,58.2
NV,CHURCHILL,32001,38.1
NV,CLARK,32003,47.4
NV,DOUGLAS,32005,43.2
NV,ELKO,32007,25.2
NV,EUREKA,32011,8.2
NV,HUMBOLDT,32013,9.7
NV,LANDER,32015,1.7
NV,LINCOLN,32017,48.4
NV,LYON,32019,10.2
NV,MINERAL,32021,46.6
NV,NYE,32023,38.5
NV,PERSHING,32027,14.9
NV,STOREY,32029,29.9
NV,WASHOE,32031,53.5
NV,WHITE PINE,32033,28.6
NV,CARSON CITY,32510,95.9
NH,BELKNAP,33001,25.5
NH,CARROLL,33003,51.4
NH,CHESHIRE,33005,26.8
NH,COOS,33007,41.6
NH,GRAFTON,33009,55.7
NH,HILLSBOROUGH,33011,32.3
NH,MERRIMACK,33013,46.7
NH,ROCKINGHAM,33015,27.8
NH,STRAFFORD,33017,40.8
NH,SULLIVAN,33019,22.4
NJ,ATLANTIC,34001,53.9
NJ,BERGEN,34003,27.2
NJ,BURLINGTON,34005,54.1
NJ,CAMDEN,34007,61.1
NJ,CAPE MAY,34009,26.6
NJ,CUMBERLAND,34011,36.7
NJ,ESSEX,34013,30.2
NJ,GLOUCESTER,34015,36
NJ,HUDSON,34017,18.9
NJ,HUNTERDON,34019,20.4
NJ,MERCER,34021,34
NJ,MIDDLESEX,34023,27.7
NJ,MONMOUTH,34025,38.6
NJ,MORRIS,34027,32.3
NJ,OCEAN,34029,20.2
NJ,PASSAIC,34031,28.5
NJ,SALEM,34033,23.9
NJ,SOMERSET,34035,21.9
NJ,SUSSEX,34037,23.8
NJ,UNION,34039,23.6
NJ,WARREN,34041,29.9
NM,BERNALILLO,35001,52
NM,CATRON,35003,13.5
NM,CHAVES,35005,50
NM,CIBOLA,35006,14.2
NM,COLFAX,35007,74.9
NM,CURRY,35009,19.7
NM,DE BACA,35011,5.3
NM,DONA ANA,35013,34
NM,EDDY,35015,79.1
NM,GRANT,35017,40.1
NM,GUADALUPE,35019,108.2
NM,HARDING,35021,31.9
NM,HIDALGO,35023,14.2
NM,LEA,35025,35.1
NM,LINCOLN,35027,28.1
NM,LOS ALAMOS,35028,35.6
NM,LUNA,35029,44.9
NM,MCKINLEY,35031,13
NM,MORA,35033,2
NM,OTERO,35035,33.1
NM,QUAY,35037,43.8
NM,RIO ARRIBA,35039,33.4
NM,ROOSEVELT,35041,27.4
NM,SANDOVAL,35043,21.6
NM,SAN JUAN,35045,32.9
NM,SAN MIGUEL,35047,30.7
NM,SANTA FE,35049,49.5
NM,SIERRA,35051,24
NM,SOCORRO,35053,43.4
NM,TAOS,35055,62.5
NM,TORRANCE,35057,6.6
NM,UNION,35059,45.8
NM,VALENCIA,35061,19.1
NY,ALBANY,36001,57.5
NY,ALLEGANY,36003,27.9
NY,BRONX,36005,18.7
NY,BROOME,36007,55.6
NY,CATTARAUGUS,36009,36.9
NY,CAYUGA,36011,24.3
NY,CHAUTAUQUA,36013,41.9
NY,CHEMUNG,36015,67.5
NY,CHENANGO,36017,25.2
NY,CLINTON,36019,67.5
NY,COLUMBIA,36021,35.9
NY,CORTLAND,36023,20
NY,DELAWARE,36025,17.8
NY,DUTCHESS,36027,32.4
NY,ERIE,36029,58.2
NY,ESSEX,36031,32.7
NY,FRANKLIN,36033,32.1
NY,FULTON,36035,34
NY,GENESEE,36037,44.1
NY,GREENE,36039,18.3
NY,HAMILTON,36041,27.6
NY,HERKIMER,36043,17.5
NY,JEFFERSON,36045,49
NY,KINGS,36047,14.6
NY,LEWIS,36049,21.8
NY,LIVINGSTON,36051,40.2
NY,MADISON,36053,43
NY,MONROE,36055,40.2
NY,MONTGOMERY,36057,50.7
NY,NASSAU,36059,41.3
NY,NEW YORK,36061,56.3
NY,NIAGARA,36063,27.2
NY,ONEIDA,36065,39.6
NY,ONONDAGA,36067,59.5
NY,ONTARIO,36069,36.5
NY,ORANGE,36071,29
NY,ORLEANS,36073,21.2
NY,OSWEGO,36075,22.5
NY,OTSEGO,36077,47.7
NY,PUTNAM,36079,25.1
NY,QUEENS,36081,12.7
NY,RENSSELAER,36083,28
NY,RICHMOND,36085,26.6
NY,ROCKLAND,36087,27.5
NY,SAINT LAWRENCE,36089,38.3
NY,SARATOGA,36091,32.2
NY,SCHENECTADY,36093,29.2
NY,SCHOHARIE,36095,30.2
NY,SCHUYLER,36097,37.7
NY,SENECA,36099,23
NY,STEUBEN,36101,35
NY,SUFFOLK,36103,29.9
NY,SULLIVAN,36105,71.9
NY,TIOGA,36107,19.2
NY,TOMPKINS,36109,49.8
NY,ULSTER,36111,34.8
NY,WARREN,36113,72.1
NY,WASHINGTON,36115,24.1
NY,WAYNE,36117,13.7
NY,WESTCHESTER,36119,24.7
NY,WYOMING,36121,27
NY,YATES,36123,16.3
NC,ALAMANCE,37001,31.5
NC,ALEXANDER,37003,7.1
NC,ALLEGHANY,37005,41.4
NC,ANSON,37007,6.2
NC,ASHE,37009,45.2
NC,AVERY,37011,32.4
NC,BEAUFORT,37013,46.5
NC,BERTIE,37015,59.5
NC,BLADEN,37017,31.1
NC,BRUNSWICK,37019,39.4
NC,BUNCOMBE,37021,73.5
NC,BURKE,37023,61.4
NC,CABARRUS,37025,48.7
NC,CALDWELL,37027,52.4
NC,CAMDEN,37029,0
NC,CARTERET,37031,62.8
NC,CASWELL,37033,3.5
NC,CATAWBA,37035,104.6
NC,CHATHAM,37037,12.8
NC,CHEROKEE,37039,74.1
NC,CHOWAN,37041,42.6
NC,CLAY,37043,32.6
NC,CLEVELAND,37045,112.2
NC,COLUMBUS,37047,73.8
NC,CRAVEN,37049,75.6
NC,CUMBERLAND,37051,64.3
NC,CURRITUCK,37053,11.6
NC,DARE,37055,68.8
NC,DAVIDSON,37057,24.9
NC,DAVIE,37059,30.1
NC,DUPLIN,37061,25.3
NC,DURHAM,37063,68.2
NC,EDGECOMBE,37065,26
NC,FORSYTH,37067,95.3
NC,FRANKLIN,37069,12.8
NC,GASTON,37071,65.9
NC,GATES,37073,2.7
NC,GRAHAM,37075,7.5
NC,GRANVILLE,37077,24.1
NC,GREENE,37079,22.4
NC,GUILFORD,37081,55.9
NC,HALIFAX,37083,50.1
NC,HARNETT,37085,47.3
NC,HAYWOOD,37087,61.3
NC,HENDERSON,37089,36.5
NC,HERTFORD,37091,59.2
NC,HOKE,37093,14.7
NC,HYDE,37095,2.7
NC,IREDELL,37097,74.4
NC,JACKSON,37099,37.8
NC,JOHNSTON,37101,35.3
NC,JONES,37103,8.1
NC,LEE,37105,56.1
NC,LENOIR,37107,42.8
NC,LINCOLN,37109,34.2
NC,MCDOWELL,37111,42.4
NC,MACON,37113,22.4
NC,MADISON,37115,11
NC,MARTIN,37117,23.9
NC,MECKLENBURG,37119,51.3
NC,MITCHELL,37121,76.3
NC,MONTGOMERY,37123,28.2
NC,MOORE,37125,124.5
NC,NASH,37127,79.2
NC,NEW HANOVER,37129,80.5
NC,NORTHAMPTON,37131,8.8
NC,ONSLOW,37133,46.8
NC,ORANGE,37135,90.9
NC,PAMLICO,37137,3.9
NC,PASQUOTANK,37139,55.4
NC,PENDER,37141,19.6
NC,PERQUIMANS,37143,15.6
NC,PERSON,37145,19.5
NC,PITT,37147,102.3
NC,POLK,37149,27.1
NC,RANDOLPH,37151,31
NC,RICHMOND,37153,84.1
NC,ROBESON,37155,58
NC,ROCKINGHAM,37157,51.4
NC,ROWAN,37159,53.8
NC,RUTHERFORD,37161,45.4
NC,SAMPSON,37163,31.2
NC,SCOTLAND,37165,95.1
NC,STANLY,37167,35.2
NC,STOKES,37169,31.3
NC,SURRY,37171,68.8
NC,SWAIN,37173,96.1
NC,TRANSYLVANIA,37175,39.8
NC,TYRRELL,37177,8.9
NC,UNION,37179,22.9
NC,VANCE,37181,43.5
NC,WAKE,37183,37.2
NC,WARREN,37185,2.6
NC,WASHINGTON,37187,29.1
NC,WATAUGA,37189,54.5
NC,WAYNE,37191,40.5
NC,WILKES,37193,36.4
NC,WILSON,37195,32.9
NC,YADKIN,37197,19.8
NC,YANCEY,37199,28.7
ND,ADAMS,38001,99.1
ND,BARNES,38003,34.7
ND,BENSON,38005,1.8
ND,BOTTINEAU,38009,17
ND,BOWMAN,38011,12.9
ND,BURKE,38013,1.1
ND,BURLEIGH,38015,62.8
ND,CASS,38017,36
ND,CAVALIER,38019,31
ND,DICKEY,38021,32.2
ND,DIVIDE,38023,3.8
ND,DUNN,38025,1.3
ND,EDDY,38027,0.2
ND,EMMONS,38029,37.5
ND,FOSTER,38031,79.2
ND,GOLDEN VALLEY,38033,6.1
ND,GRAND FORKS,38035,56.2
ND,GRANT,38037,6.1
ND,GRIGGS,38039,8.5
ND,HETTINGER,38041,1.4
ND,KIDDER,38043,18.3
ND,LAMOURE,38045,7.5
ND,MCHENRY,38049,5.8
ND,MCINTOSH,38051,20.1
ND,MCKENZIE,38053,12
ND,MCLEAN,38055,22.6
ND,MERCER,38057,32.5
ND,MORTON,38059,11
ND,MOUNTRAIL,38061,2.2
ND,NELSON,38063,5.3
ND,OLIVER,38065,0.1
ND,PEMBINA,38067,39.1
ND,PIERCE,38069,43.2
ND,RAMSEY,38071,63.8
ND,RANSOM,38073,25.1
ND,RICHLAND,38077,23
ND,ROLETTE,38079,3.3
ND,SARGENT,38081,1.5
ND,SHERIDAN,38083,3
ND,STARK,38089,40.8
ND,STUTSMAN,38093,32.7
ND,TOWNER,38095,14
ND,TRAILL,38097,10.9
ND,WALSH,38099,14.4
ND,WARD,38101,51.7
ND,WELLS,38103,51.3
ND,WILLIAMS,38105,31.4
OH,ADAMS,39001,32.9
OH,ALLEN,39003,67.5
OH,ASHLAND,39005,18.5
OH,ASHTABULA,39007,34.3
OH,ATHENS,39009,44.9
OH,AUGLAIZE,39011,20.5
OH,BELMONT,39013,23.5
OH,BROWN,39015,42.1
OH,BUTLER,39017,41.3
OH,CARROLL,39019,18.5
OH,CHAMPAIGN,39021,12
OH,CLARK,39023,51.6
OH,CLERMONT,39025,25.9
OH,CLINTON,39027,44.4
OH,COLUMBIANA,39029,19.9
OH,COSHOCTON,39031,24
OH,CRAWFORD,39033,46.1
OH,CUYAHOGA,39035,53.7
OH,DARKE,39037,25.2
OH,DEFIANCE,39039,51.6
OH,DELAWARE,39041,28.7
OH,ERIE,39043,39.9
OH,FAIRFIELD,39045,48.5
OH,FAYETTE,39047,65.7
OH,FRANKLIN,39049,60.4
OH,FULTON,39051,19.1
OH,GALLIA,39053,53.3
OH,GEAUGA,39055,21.6
OH,GREENE,39057,50.1
OH,GUERNSEY,39059,28.9
OH,HAMILTON,39061,69.3
OH,HANCOCK,39063,41.8
OH,HARDIN,39065,19.3
OH,HARRISON,39067,7.9
OH,HENRY,39069,13.8
OH,HIGHLAND,39071,32.2
OH,HOCKING,39073,19.9
OH,HOLMES,39075,8.6
OH,HURON,39077,38.3
OH,JACKSON,39079,28.6
OH,JEFFERSON,39081,76.7
OH,KNOX,39083,19.9
OH,LAKE,39085,38.6
OH,LAWRENCE,39087,50.8
OH,LICKING,39089,21.2
OH,LOGAN,39091,30.2
OH,LORAIN,39093,31.1
OH,LUCAS,39095,79
OH,MADISON,39097,23.1
OH,MAHONING,39099,77.2
OH,MARION,39101,73.6
OH,MEDINA,39103,21.3
OH,MEIGS,39105,8
OH,MERCER,39107,22.5
OH,MIAMI,39109,25.3
OH,MONROE,39111,13.1
OH,MONTGOMERY,39113,69.6
OH,MORGAN,39115,10.3
OH,MORROW,39117,6.4
OH,MUSKINGUM,39119,57.8
OH,NOBLE,39121,7.3
OH,OTTAWA,39123,18.8
OH,PAULDING,39125,14.1
OH,PERRY,39127,32
OH,PICKAWAY,39129,30.5
OH,PIKE,39131,50.6
OH,PORTAGE,39133,23.3
OH,PREBLE,39135,16.8
OH,PUTNAM,39137,15.9
OH,RICHLAND,39139,31.4
OH,ROSS,39141,63.8
OH,SANDUSKY,39143,24.5
OH,SCIOTO,39145,71.1
OH,SENECA,39147,18.2
OH,SHELBY,39149,21.2
OH,STARK,39151,53.1
OH,SUMMIT,39153,53.5
OH,TRUMBULL,39155,40.1
OH,TUSCARAWAS,39157,55.7
OH,UNION,39159,33.6
OH,VAN WERT,39161,28.9
OH,VINTON,39163,4.2
OH,WARREN,39165,27.5
OH,WASHINGTON,39167,61.7
OH,WAYNE,39169,24.6
OH,WILLIAMS,39171,18.9
OH,WOOD,39173,30.1
OH,WYANDOT,39175,11.1
OK,ADAIR,40001,62.2
OK,ALFALFA,40003,5.8
OK,ATOKA,40005,4.7
OK,BEAVER,40007,6.9
OK,BECKHAM,40009,43
OK,BLAINE,40011,13.9
OK,BRYAN,40013,56.7
OK,CADDO,40015,20.3
OK,CANADIAN,40017,21.2
OK,CARTER,40019,84.3
OK,CHEROKEE,40021,45.8
OK,CHOCTAW,40023,19.8
OK,CIMARRON,40025,15.9
OK,CLEVELAND,40027,34.7
OK,COAL,40029,57.3
OK,COMANCHE,40031,60.7
OK,COTTON,40033,1.2
OK,CRAIG,40035,19.2
OK,CREEK,40037,16.1
OK,CUSTER,40039,21.3
OK,DELAWARE,40041,41.1
OK,DEWEY,40043,6.8
OK,ELLIS,40045,28.1
OK,GARFIELD,40047,58.8
OK,GARVIN,40049,29.7
OK,GRADY,40051,25.1
OK,GRANT,40053,0.3
OK,GREER,40055,16
OK,HARMON,40057,171.3
OK,HARPER,40059,205.1
OK,HASKELL,40061,43.3
OK,HUGHES,40063,7.3
OK,JACKSON,40065,42.6
OK,JEFFERSON,40067,23.3
OK,JOHNSTON,40069,15.5
OK,KAY,40071,42.2
OK,KINGFISHER,40073,110.9
OK,KIOWA,40075,20.1
OK,LATIMER,40077,54.1
OK,LE FLORE,40079,38.2
OK,LINCOLN,40081,22.3
OK,LOGAN,40083,7
OK,LOVE,40085,126.2
OK,MCCLAIN,40087,25.4
OK,MCCURTAIN,40089,17
OK,MCINTOSH,40091,10.7
OK,MAJOR,40093,16.5
OK,MARSHALL,40095,18.3
OK,MAYES,40097,28.8
OK,MURRAY,40099,51.2
OK,MUSKOGEE,40101,71.4
OK,NOBLE,40103,4.1
OK,NOWATA,40105,37.1
OK,OKFUSKEE,40107,4.5
OK,OKLAHOMA,40109,97.3
OK,OKMULGEE,40111,14.7
OK,OSAGE,40113,11
OK,OTTAWA,40115,33.4
OK,PAWNEE,40117,26.1
OK,PAYNE,40119,39.8
OK,PITTSBURG,40121,60.7
OK,PONTOTOC,40123,56.7
OK,POTTAWATOMIE,40125,47.1
OK,PUSHMATAHA,40127,7
OK,ROGER MILLS,40129,9.9
OK,ROGERS,40131,29.5
OK,SEMINOLE,40133,26.2
OK,SEQUOYAH,40135,14
OK,STEPHENS,40137,52.8
OK,TEXAS,40139,14.3
OK,TILLMAN,40141,65
OK,TULSA,40143,103.1
OK,WAGONER,40145,13.1
OK,WASHINGTON,40147,40.7
OK,WASHITA,40149,14
OK,WOODS,40151,9.6
OK,WOODWARD,40153,38.5
OR,BAKER,41001,68.4
OR,BENTON,41003,56
OR,CLACKAMAS,41005,31
OR,CLATSOP,41007,52.6
OR,COLUMBIA,41009,24.7
OR,COOS,41011,71.7
OR,CROOK,41013,35.9
OR,CURRY,41015,83.2
OR,DESCHUTES,41017,53.1
OR,DOUGLAS,41019,53.8
OR,GILLIAM,41021,22.5
OR,GRANT,41023,35.9
OR,HARNEY,41025,46.4
OR,HOOD RIVER,41027,72.4
OR,JACKSON,41029,82.8
OR,JEFFERSON,41031,23.7
OR,JOSEPHINE,41033,47.1
OR,KLAMATH,41035,39.7
OR,LAKE,41037,44.4
OR,LANE,41039,61.2
OR,LINCOLN,41041,38.1
OR,LINN,41043,30.4
OR,MALHEUR,41045,84.4
OR,MARION,41047,37.9
OR,MORROW,41049,16.9
OR,MULTNOMAH,41051,47.6
OR,POLK,41053,20.9
OR,SHERMAN,41055,5.1
OR,TILLAMOOK,41057,59.1
OR,UMATILLA,41059,31.5
OR,UNION,41061,50.2
OR,WALLOWA,41063,51.3
OR,WASCO,41065,51.3
OR,WASHINGTON,41067,35.2
OR,WHEELER,41069,50.9
OR,YAMHILL,41071,31.3
PA,ADAMS,42001,23.2
PA,ALLEGHENY,42003,63.7
PA,ARMSTRONG,42005,26.8
PA,BEAVER,42007,31.4
PA,BEDFORD,42009,19.5
PA,BERKS,42011,29.6
PA,BLAIR,42013,64.9
PA,BRADFORD,42015,50.2
PA,BUCKS,42017,38.9
PA,BUTLER,42019,29.7
PA,CAMBRIA,42021,54
PA,CAMERON,42023,18.3
PA,CARBON,42025,25.5
PA,CENTRE,42027,30.6
PA,CHESTER,42029,28.8
PA,CLARION,42031,33.9
PA,CLEARFIELD,42033,46.4
PA,CLINTON,42035,43.6
PA,COLUMBIA,42037,43.7
PA,CRAWFORD,42039,53.1
PA,CUMBERLAND,42041,38.2
PA,DAUPHIN,42043,53.9
PA,DELAWARE,42045,41.4
PA,ELK,42047,33.2
PA,ERIE,42049,56.9
PA,FAYETTE,42051,81.1
PA,FOREST,42053,2.8
PA,FRANKLIN,42055,33.3
PA,FULTON,42057,15.6
PA,GREENE,42059,17
PA,HUNTINGDON,42061,15.9
PA,INDIANA,42063,30.6
PA,JEFFERSON,42065,27.8
PA,JUNIATA,42067,25.9
PA,LACKAWANNA,42069,65.3
PA,LANCASTER,42071,32.8
PA,LAWRENCE,42073,41.3
PA,LEBANON,42075,27.4
PA,LEHIGH,42077,39.9
PA,LUZERNE,42079,49.4
PA,LYCOMING,42081,50.4
PA,MCKEAN,42083,46.4
PA,MERCER,42085,70.7
PA,MIFFLIN,42087,36.2
PA,MONROE,42089,30
PA,MONTGOMERY,42091,47.9
PA,MONTOUR,42093,260.7
PA,NORTHAMPTON,42095,50.4
PA,NORTHUMBERLAND,42097,35.5
PA,PERRY,42099,15.1
PA,PHILADELPHIA,42101,43.2
PA,PIKE,42103,23.8
PA,POTTER,42105,35.7
PA,SCHUYLKILL,42107,26.8
PA,SNYDER,42109,34.9
PA,SOMERSET,42111,24.6
PA,SULLIVAN,42113,12.1
PA,SUSQUEHANNA,42115,20.4
PA,TIOGA,42117,33
PA,UNION,42119,59.1
PA,VENANGO,42121,48.8
PA,WARREN,42123,36.7
PA,WASHINGTON,42125,41.1
PA,WAYNE,42127,20.9
PA,WESTMORELAND,42129,36.9
PA,WYOMING,42131,38.6
PA,YORK,42133,37.3
RI,BRISTOL,44001,18.7
RI,KENT,44003,46.3
RI,NEWPORT,44005,26.8
RI,PROVIDENCE,44007,37.8
RI,WASHINGTON,44009,30
SC,ABBEVILLE,45001,30
SC,AIKEN,45003,40
SC,ALLENDALE,45005,44.5
SC,ANDERSON,45007,67.1
SC,BAMBERG,45009,46.6
SC,BARNWELL,45011,47
SC,BEAUFORT,45013,45.4
SC,BERKELEY,45015,18.2
SC,CALHOUN,45017,6.3
SC,CHARLESTON,45019,103.6
SC,CHEROKEE,45021,51.2
SC,CHESTER,45023,38.3
SC,CHESTERFIELD,45025,26.7
SC,CLARENDON,45027,57.8
SC,COLLETON,45029,46.4
SC,DARLINGTON,45031,85.7
SC,DILLON,45033,51.2
SC,DORCHESTER,45035,22.8
SC,EDGEFIELD,45037,16.3
SC,FAIRFIELD,45039,23.9
SC,FLORENCE,45041,125
SC,GEORGETOWN,45043,49.8
SC,GREENVILLE,45045,67.6
SC,GREENWOOD,45047,85.6
SC,HAMPTON,45049,25.5
SC,HORRY,45051,54.3
SC,JASPER,45053,16.9
SC,KERSHAW,45055,29.7
SC,LANCASTER,45057,30.3
SC,LAURENS,45059,34.5
SC,LEE,45061,13.2
SC,LEXINGTON,45063,57.7
SC,MCCORMICK,45065,11.8
SC,MARION,45067,41.5
SC,MARLBORO,45069,18.7
SC,NEWBERRY,45071,37.1
SC,OCONEE,45073,56.4
SC,ORANGEBURG,45075,43.8
SC,PICKENS,45077,74.9
SC,RICHLAND,45079,61.3
SC,SALUDA,45081,11.8
SC,SPARTANBURG,45083,75
SC,SUMTER,45085,45.6
SC,UNION,45087,17.7
SC,WILLIAMSBURG,45089,18.8
SC,YORK,45091,29.1
SD,AURORA,46003,21.1
SD,BEADLE,46005,36.7
SD,BENNETT,46007,4
SD,BON HOMME,46009,12.6
SD,BROOKINGS,46011,19.8
SD,BROWN,46013,55.8
SD,BRULE,46015,52.1
SD,BUFFALO,46017,4
SD,BUTTE,46019,6
SD,CAMPBELL,46021,5.6
SD,CHARLES MIX,46023,22.1
SD,CLARK,46025,15.2
SD,CLAY,46027,25.6
SD,CODINGTON,46029,37.2
SD,CORSON,46031,4.6
SD,CUSTER,46033,29.9
SD,DAVISON,46035,45.8
SD,DAY,46037,4
SD,DEUEL,46039,3.1
SD,DEWEY,46041,2.5
SD,DOUGLAS,46043,23.1
SD,EDMUNDS,46045,33.2
SD,FALL RIVER,46047,38.7
SD,FAULK,46049,22.1
SD,GRANT,46051,27.8
SD,GREGORY,46053,60
SD,HAAKON,46055,119.1
SD,HAMLIN,46057,1.6
SD,HAND,46059,0.3
SD,HANSON,46061,0.3
SD,HARDING,46063,2
SD,HUGHES,46065,39.6
SD,HUTCHINSON,46067,54.8
SD,HYDE,46069,38.2
SD,JACKSON,46071,8.8
SD,JERAULD,46073,108.1
SD,JONES,46075,31.2
SD,KINGSBURY,46077,23.9
SD,LAKE,46079,19.3
SD,LAWRENCE,46081,31.7
SD,LINCOLN,46083,30.5
SD,LYMAN,46085,4
SD,MCCOOK,46087,18.3
SD,MCPHERSON,46089,4.4
SD,MARSHALL,46091,13.8
SD,MEADE,46093,6.9
SD,MELLETTE,46095,2.3
SD,MINER,46097,4
SD,MINNEHAHA,46099,53.9
SD,MOODY,46101,14.6
SD,OGLALA LAKOTA,46102,3
SD,PENNINGTON,46103,49.7
SD,PERKINS,46105,53.1
SD,POTTER,46107,4.5
SD,ROBERTS,46109,31.7
SD,SANBORN,46111,1.4
SD,SPINK,46115,7.9
SD,STANLEY,46117,2.7
SD,SULLY,46119,0.7
SD,TODD,46121,7.4
SD,TRIPP,46123,42.2
SD,TURNER,46125,11.7
SD,UNION,46127,233.8
SD,WALWORTH,46129,31.8
SD,YANKTON,46135,50
TN,ANDERSON,47001,51.9
TN,BEDFORD,47003,31.2
TN,BENTON,47005,36.5
TN,BLEDSOE,47007,57.5
TN,BLOUNT,47009,41.2
TN,BRADLEY,47011,93.9
TN,CAMPBELL,47013,35.5
TN,CANNON,47015,21.5
TN,CARROLL,47017,113.2
TN,CARTER,47019,32.9
TN,CHEATHAM,47021,38.3
TN,CHESTER,47023,43.5
TN,CLAIBORNE,47025,101.9
TN,CLAY,47027,32.5
TN,COCKE,47029,68.4
TN,COFFEE,47031,138.1
TN,CROCKETT,47033,16.9
TN,CUMBERLAND,47035,40.6
TN,DAVIDSON,47037,84.8
TN,DECATUR,47039,68.8
TN,DEKALB,47041,47.4
TN,DICKSON,47043,61.4
TN,DYER,47045,80.2
TN,FAYETTE,47047,31.9
TN,FENTRESS,47049,37.4
TN,FRANKLIN,47051,52
TN,GIBSON,47053,60.3
TN,GILES,47055,43.7
TN,GRAINGER,47057,12.4
TN,GREENE,47059,60.2
TN,GRUNDY,47061,22.4
TN,HAMBLEN,47063,124.7
TN,HAMILTON,47065,101.1
TN,HANCOCK,47067,74.9
TN,HARDEMAN,47069,32.4
TN,HARDIN,47071,123
TN,HAWKINS,47073,31.5
TN,HAYWOOD,47075,25.7
TN,HENDERSON,47077,42.4
TN,HENRY,47079,70.5
TN,HICKMAN,47081,14.1
TN,HOUSTON,47083,57.8
TN,HUMPHREYS,47085,25.7
TN,JACKSON,47087,7.7
TN,JEFFERSON,47089,59.9
TN,JOHNSON,47091,35
TN,KNOX,47093,105.8
TN,LAKE,47095,11.3
TN,LAUDERDALE,47097,62.8
TN,LAWRENCE,47099,37
TN,LEWIS,47101,33.7
TN,LINCOLN,47103,28.4
TN,LOUDON,47105,20.3
TN,MCMINN,47107,58
TN,MCNAIRY,47109,67.8
TN,MACON,47111,15.7
TN,MADISON,47113,145.1
TN,MARION,47115,29.2
TN,MARSHALL,47117,54.3
TN,MAURY,47119,91.4
TN,MEIGS,47121,19.7
TN,MONROE,47123,54.9
TN,MONTGOMERY,47125,42.5
TN,MOORE,47127,15.9
TN,MORGAN,47129,33.8
TN,OBION,47131,91
TN,OVERTON,47133,67.8
TN,PERRY,47135,99.6
TN,PICKETT,47137,18.9
TN,POLK,47139,26.6
TN,PUTNAM,47141,93
TN,RHEA,47143,30.7
TN,ROANE,47145,56.1
TN,ROBERTSON,47147,44.5
TN,RUTHERFORD,47149,50.8
TN,SCOTT,47151,77.4
TN,SEQUATCHIE,47153,31.3
TN,SEVIER,47155,43
TN,SHELBY,47157,60.2
TN,SMITH,47159,51.7
TN,STEWART,47161,17.7
TN,SULLIVAN,47163,126.4
TN,SUMNER,47165,55
TN,TIPTON,47167,42.9
TN,TROUSDALE,47169,24.7
TN,UNICOI,47171,62
TN,UNION,47173,13.5
TN,VAN BUREN,47175,2
TN,WARREN,47177,46.2
TN,WASHINGTON,47179,140.1
TN,WAYNE,47181,62
TN,WEAKLEY,47183,85.9
TN,WHITE,47185,25.6
TN,WILLIAMSON,47187,52.4
TN,WILSON,47189,45
TX,ANDERSON,48001,36.4
TX,ANDREWS,48003,11.6
TX,ANGELINA,48005,58.3
TX,ARANSAS,48007,17
TX,ARCHER,48009,0.5
TX,ARMSTRONG,48011,20.3
TX,ATASCOSA,48013,20
TX,AUSTIN,48015,20.3
TX,BAILEY,48017,23.2
TX,BANDERA,48019,9.6
TX,BASTROP,48021,13.3
TX,BAYLOR,48023,33.8
TX,BEE,48025,14.1
TX,BELL,48027,53.8
TX,BEXAR,48029,44.1
TX,BLANCO,48031,7
TX,BOSQUE,48035,13.9
TX,BOWIE,48037,104
TX,BRAZORIA,48039,27.9
TX,BRAZOS,48041,39.7
TX,BREWSTER,48043,20.2
TX,BRISCOE,48045,0.2
TX,BROOKS,48047,18.3
TX,BROWN,48049,59.7
TX,BURLESON,48051,16.9
TX,BURNET,48053,13.9
TX,CALDWELL,48055,6.5
TX,CALHOUN,48057,29.8
TX,CALLAHAN,48059,6.7
TX,CAMERON,48061,22.3
TX,CAMP,48063,38.1
TX,CARSON,48065,2.7
TX,CASS,48067,44.5
TX,CASTRO,48069,9.7
TX,CHAMBERS,48071,8.2
TX,CHEROKEE,48073,28.5
TX,CHILDRESS,48075,63.9
TX,CLAY,48077,12.6
TX,COCHRAN,48079,17.6
TX,COLEMAN,48083,14.3
TX,COLLIN,48085,29.7
TX,COLLINGSWORTH,48087,14.2
TX,COLORADO,48089,22
TX,COMAL,48091,32.6
TX,COMANCHE,48093,52.1
TX,CONCHO,48095,1.1
TX,COOKE,48097,31.5
TX,CORYELL,48099,14.3
TX,CRANE,48103,14.6
TX,CROCKETT,48105,26.6
TX,CROSBY,48107,17.4
TX,CULBERSON,48109,71.9
TX,DALLAM,48111,19.4
TX,DALLAS,48113,45.9
TX,DAWSON,48115,9.1
TX,DEAF SMITH,48117,4.9
TX,DELTA,48119,4.2
TX,DENTON,48121,30.7
TX,DE WITT,48123,34.8
TX,DIMMIT,48127,6
TX,DONLEY,48129,0.4
TX,DUVAL,48131,3.1
TX,EASTLAND,48133,14.5
TX,ECTOR,48135,41.2
TX,EDWARDS,48137,0.6
TX,ELLIS,48139,30.8
TX,EL PASO,48141,27
TX,ERATH,48143,35.2
TX,FALLS,48145,27.4
TX,FANNIN,48147,18.4
TX,FAYETTE,48149,63.2
TX,FISHER,48151,3.1
TX,FLOYD,48153,28.6
TX,FOARD,48155,51.7
TX,FORT BEND,48157,20.7
TX,FRANKLIN,48159,28.3
TX,FREESTONE,48161,12.1
TX,FRIO,48163,9.4
TX,GAINES,48165,10.7
TX,GALVESTON,48167,41.2
TX,GARZA,48169,2
TX,GILLESPIE,48171,72
TX,GOLIAD,48175,4.7
TX,GONZALES,48177,13.7
TX,GRAY,48179,67.8
TX,GRAYSON,48181,64.4
TX,GREGG,48183,105
TX,GRIMES,48185,9.4
TX,GUADALUPE,48187,18.9
TX,HALE,48189,29.2
TX,HALL,48191,15.9
TX,HAMILTON,48193,49.8
TX,HANSFORD,48195,5.9
TX,HARDEMAN,48197,37.7
TX,HARDIN,48199,16.7
TX,HARRIS,48201,37.8
TX,HARRISON,48203,36.2
TX,HASKELL,48207,4.9
TX,HAYS,48209,22.2
TX,HEMPHILL,48211,1.5
TX,HENDERSON,48213,33.3
TX,HIDALGO,48215,17.3
TX,HILL,48217,34.6
TX,HOCKLEY,48219,27.7
TX,HOOD,48221,56.8
TX,HOPKINS,48223,42.1
TX,HOUSTON,48225,13.2
TX,HOWARD,48227,19.2
TX,HUNT,48231,29.3
TX,HUTCHINSON,48233,32.4
TX,JACK,48237,8.5
TX,JACKSON,48239,16.5
TX,JASPER,48241,27.4
TX,JEFF DAVIS,48243,42.8
TX,JEFFERSON,48245,70.3
TX,JIM WELLS,48249,44
TX,JOHNSON,48251,37.3
TX,JONES,48253,10.8
TX,KARNES,48255,23.2
TX,KAUFMAN,48257,20.7
TX,KENDALL,48259,29.5
TX,KERR,48265,39.4
TX,KIMBLE,48267,18.9
TX,KINNEY,48271,1.6
TX,KLEBERG,48273,23.6
TX,KNOX,48275,26.4
TX,LAMAR,48277,68.2
TX,LAMB,48279,14.5
TX,LAMPASAS,48281,15.9
TX,LA SALLE,48283,8
TX,LAVACA,48285,12.4
TX,LEE,48287,11
TX,LEON,48289,7.8
TX,LIBERTY,48291,28.8
TX,LIMESTONE,48293,25.9
TX,LIPSCOMB,48295,0.1
TX,LIVE OAK,48297,5.3
TX,LLANO,48299,20.8
TX,LUBBOCK,48303,85.7
TX,LYNN,48305,11.9
TX,MCCULLOCH,48307,17.6
TX,MCLENNAN,48309,48.9
TX,MADISON,48313,23.2
TX,MARION,48315,9.8
TX,MARTIN,48317,24.5
TX,MASON,48319,2.5
TX,MATAGORDA,48321,30
TX,MAVERICK,48323,9.5
TX,MEDINA,48325,15
TX,MENARD,48327,1.6
TX,MIDLAND,48329,21.3
TX,MILAM,48331,24.1
TX,MILLS,48333,7.6
TX,MITCHELL,48335,52.7
TX,MONTAGUE,48337,39
TX,MONTGOMERY,48339,37.5
TX,MOORE,48341,33.5
TX,MORRIS,48343,12.8
TX,NACOGDOCHES,48347,54.1
TX,NAVARRO,48349,23.7
TX,NEWTON,48351,7.1
TX,NOLAN,48353,25
TX,NUECES,48355,70
TX,OCHILTREE,48357,21
TX,ORANGE,48361,52.4
TX,PALO PINTO,48363,25.6
TX,PANOLA,48365,21.2
TX,PARKER,48367,27.4
TX,PARMER,48369,19.8
TX,PECOS,48371,18.8
TX,POLK,48373,27.2
TX,POTTER,48375,102.8
TX,PRESIDIO,48377,5.8
TX,RAINS,48379,1.5
TX,RANDALL,48381,26.8
TX,REAGAN,48383,1.6
TX,REAL,48385,1.4
TX,RED RIVER,48387,82.2
TX,REEVES,48389,31.8
TX,REFUGIO,48391,9.6
TX,ROBERTSON,48395,5.7
TX,ROCKWALL,48397,42.2
TX,RUNNELS,48399,35.6
TX,RUSK,48401,18.9
TX,SABINE,48403,29
TX,SAN AUGUSTINE,48405,28.5
TX,SAN JACINTO,48407,3.4
TX,SAN PATRICIO,48409,27.6
TX,SAN SABA,48411,5.6
TX,SCHLEICHER,48413,22.8
TX,SCURRY,48415,15.5
TX,SHACKELFORD,48417,2.9
TX,SHELBY,48419,18.9
TX,SHERMAN,48421,0.3
TX,SMITH,48423,99.5
TX,SOMERVELL,48425,45.7
TX,STARR,48427,25.6
TX,STEPHENS,48429,18.6
TX,STERLING,48431,1.1
TX,STONEWALL,48433,2.4
TX,SUTTON,48435,15
TX,SWISHER,48437,6.5
TX,TARRANT,48439,45.1
TX,TAYLOR,48441,72.7
TX,TERRELL,48443,72.3
TX,TERRY,48445,20.5
TX,THROCKMORTON,48447,18.5
TX,TITUS,48449,49.4
TX,TOM GREEN,48451,46.6
TX,TRAVIS,48453,39.1
TX,TRINITY,48455,20.5
TX,TYLER,48457,9.8
TX,UPSHUR,48459,7.7
TX,UPTON,48461,3.7
TX,UVALDE,48463,23.6
TX,VAL VERDE,48465,21.1
TX,VAN ZANDT,48467,18.2
TX,VICTORIA,48469,67.5
TX,WALKER,48471,25.6
TX,WALLER,48473,4.4
TX,WARD,48475,32.5
TX,WASHINGTON,48477,29.2
TX,WEBB,48479,16.2
TX,WHARTON,48481,31.5
TX,WHEELER,48483,4.3
TX,WICHITA,48485,78.2
TX,WILBARGER,48487,49.6
TX,WILLACY,48489,16.2
TX,WILLIAMSON,48491,29.2
TX,WILSON,48493,12.1
TX,WINKLER,48495,8.2
TX,WISE,48497,45
TX,WOOD,48499,29.2
TX,YOAKUM,48501,15.8
TX,YOUNG,48503,37.7
TX,ZAPATA,48505,3.8
TX,ZAVALA,48507,2.6
UT,BEAVER,49001,73.3
UT,BOX ELDER,49003,31.1
UT,CACHE,49005,34.7
UT,CARBON,49007,125.9
UT,DAGGETT,49009,0.9
UT,DAVIS,49011,45.5
UT,DUCHESNE,49013,46.6
UT,EMERY,49015,31.7
UT,GARFIELD,49017,56.4
UT,GRAND,49019,46.5
UT,IRON,49021,53.6
UT,JUAB,49023,37.1
UT,KANE,49025,46.7
UT,MILLARD,49027,27.9
UT,MORGAN,49029,22.8
UT,RICH,49033,7.4
UT,SALT LAKE,49035,53.6
UT,SAN JUAN,49037,14.8
UT,SANPETE,49039,38.3
UT,SEVIER,49041,72.7
UT,SUMMIT,49043,41.9
UT,TOOELE,49045,20.7
UT,UINTAH,49047,36.3
UT,UTAH,49049,40.1
UT,WASATCH,49051,20.3
UT,WASHINGTON,49053,67.2
UT,WAYNE,49055,18.8
UT,WEBER,49057,58.8
VT,ADDISON,50001,24.8
VT,BENNINGTON,50003,41.3
VT,CALEDONIA,50005,25.7
VT,CHITTENDEN,50007,41.6
VT,ESSEX,50009,38.7
VT,FRANKLIN,50011,32.4
VT,GRAND ISLE,50013,12.7
VT,LAMOILLE,50015,36.2
VT,ORANGE,50017,21.4
VT,ORLEANS,50019,38.3
VT,RUTLAND,50021,41.3
VT,WASHINGTON,50023,32.1
VT,WINDHAM,50025,35
VT,WINDSOR,50027,26.8
VA,ACCOMACK,51001,19.4
VA,ALBEMARLE,51003,37
VA,ALLEGHANY,51005,50.1
VA,AMELIA,51007,1.7
VA,AMHERST,51009,32.3
VA,APPOMATTOX,51011,17
VA,ARLINGTON,51013,31.1
VA,AUGUSTA,51015,43.2
VA,BATH,51017,17.3
VA,BEDFORD,51019,17.1
VA,BLAND,51021,84.1
VA,BOTETOURT,51023,11.9
VA,BRUNSWICK,51025,6.9
VA,BUCHANAN,51027,71.4
VA,BUCKINGHAM,51029,4.4
VA,CAMPBELL,51031,5.3
VA,CAROLINE,51033,4.2
VA,CARROLL,51035,46.4
VA,CHARLES CITY,51036,6.7
VA,CHARLOTTE,51037,25.5
VA,CHESTERFIELD,51041,36.6
VA,CLARKE,51043,17
VA,CRAIG,51045,1.5
VA,CULPEPER,51047,21.8
VA,DICKENSON,51051,79.9
VA,DINWIDDIE,51053,1.9
VA,ESSEX,51057,60.6
VA,FAIRFAX,51059,26.3
VA,FAUQUIER,51061,33.1
VA,FLOYD,51063,9
VA,FLUVANNA,51065,6.3
VA,FRANKLIN,51067,16
VA,FREDERICK,51069,3.6
VA,GILES,51071,26.5
VA,GLOUCESTER,51073,37.1
VA,GOOCHLAND,51075,11.1
VA,GRAYSON,51077,14.1
VA,GREENE,51079,12.9
VA,GREENSVILLE,51081,1.4
VA,HALIFAX,51083,18.5
VA,HANOVER,51085,47.2
VA,HENRICO,51087,46.7
VA,HENRY,51089,5.8
VA,HIGHLAND,51091,0.3
VA,ISLE OF WIGHT,51093,12.7
VA,JAMES CITY,51095,39.2
VA,KING AND QUEEN,51097,0.5
VA,KING GEORGE,51099,4.9
VA,KING WILLIAM,51101,9.3
VA,LANCASTER,51103,42.5
VA,LEE,51105,57
VA,LOUDOUN,51107,17.2
VA,LOUISA,51109,8.7
VA,LUNENBURG,51111,6.3
VA,MADISON,51113,4.9
VA,MATHEWS,51115,3.4
VA,MECKLENBURG,51117,47.3
VA,MIDDLESEX,51119,7.7
VA,MONTGOMERY,51121,49.3
VA,NELSON,51125,20.5
VA,NEW KENT,51127,17.3
VA,NORTHAMPTON,51131,65.9
VA,NORTHUMBERLAND,51133,7.5
VA,NOTTOWAY,51135,32.7
VA,ORANGE,51137,18.1
VA,PAGE,51139,35.9
VA,PATRICK,51141,40.4
VA,PITTSYLVANIA,51143,7.1
VA,POWHATAN,51145,14.8
VA,PRINCE EDWARD,51147,20.9
VA,PRINCE GEORGE,51149,9.1
VA,PRINCE WILLIAM,51153,16.3
VA,PULASKI,51155,35.3
VA,RAPPAHANNOCK,51157,6.8
VA,RICHMOND,51159,4.1
VA,ROANOKE,51161,74.5
VA,ROCKBRIDGE,51163,14.3
VA,ROCKINGHAM,51165,14
VA,RUSSELL,51167,66.5
VA,SCOTT,51169,142.9
VA,SHENANDOAH,51171,19.5
VA,SMYTH,51173,37.9
VA,SOUTHAMPTON,51175,1.8
VA,SPOTSYLVANIA,51177,26.6
VA,STAFFORD,51179,13.3
VA,SURRY,51181,1.2
VA,SUSSEX,51183,4.7
VA,TAZEWELL,51185,70.6
VA,WARREN,51187,18.1
VA,WASHINGTON,51191,58.1
VA,WESTMORELAND,51193,4.5
VA,WISE,51195,64.1
VA,WYTHE,51197,51.9
VA,YORK,51199,19.9
VA,ALEXANDRIA CITY,51510,19.2
VA,BRISTOL CITY,51520,24.6
VA,BUENA VISTA CITY,51530,25.5
VA,CHARLOTTESVILLE CITY,51540,153.8
VA,CHESAPEAKE CITY,51550,38
VA,COLONIAL HEIGHTS CITY,51570,73.1
VA,COVINGTON CITY,51580,117.6
VA,DANVILLE CITY,51590,67.8
VA,EMPORIA CITY,51595,123.9
VA,FAIRFAX CITY,51600,58.2
VA,FALLS CHURCH CITY,51610,21.8
VA,FRANKLIN CITY,51620,57
VA,FREDERICKSBURG CITY,51630,220.4
VA,GALAX CITY,51640,96.7
VA,HAMPTON CITY,51650,27.2
VA,HARRISONBURG CITY,51660,77.9
VA,HOPEWELL CITY,51670,49.2
VA,LEXINGTON CITY,51678,113.6
VA,LYNCHBURG CITY,51680,104.5
VA,MANASSAS CITY,51683,73.4
VA,MARTINSVILLE CITY,51690,343.7
VA,NEWPORT NEWS CITY,51700,56.3
VA,NORFOLK CITY,51710,69.6
VA,NORTON CITY,51720,406.7
VA,PETERSBURG CITY,51730,48.7
VA,POQUOSON CITY,51735,4.9
VA,PORTSMOUTH CITY,51740,47
VA,RADFORD CITY,51750,45.4
VA,RICHMOND CITY,51760,55.2
VA,ROANOKE CITY,51770,89
VA,SALEM CITY,51775,375.6
VA,STAUNTON CITY,51790,55.2
VA,SUFFOLK CITY,51800,43.8
VA,VIRGINIA BEACH CITY,51810,38.4
VA,WAYNESBORO CITY,51820,45.4
VA,WILLIAMSBURG CITY,51830,0.2
VA,WINCHESTER CITY,51840,219
WA,ADAMS,53001,16.3
WA,ASOTIN,53003,59.9
WA,BENTON,53005,72.9
WA,CHELAN,53007,58.1
WA,CLALLAM,53009,43.1
WA,CLARK,53011,39.8
WA,COLUMBIA,53013,138.2
WA,COWLITZ,53015,38.2
WA,DOUGLAS,53017,13.7
WA,FERRY,53019,38
WA,FRANKLIN,53021,12.4
WA,GARFIELD,53023,71.3
WA,GRANT,53025,31.7
WA,GRAYS HARBOR,53027,49.1
WA,ISLAND,53029,19
WA,JEFFERSON,53031,45.5
WA,KING,53033,36.4
WA,KITSAP,53035,36.1
WA,KITTITAS,53037,18.4
WA,KLICKITAT,53039,30.8
WA,LEWIS,53041,37.2
WA,LINCOLN,53043,64.4
WA,MASON,53045,15.9
WA,OKANOGAN,53047,42.6
WA,PACIFIC,53049,17.6
WA,PEND OREILLE,53051,83.5
WA,PIERCE,53053,40.4
WA,SAN JUAN,53055,26.3
WA,SKAGIT,53057,55
WA,SKAMANIA,53059,17.5
WA,SNOHOMISH,53061,30.4
WA,SPOKANE,53063,58.8
WA,STEVENS,53065,50.9
WA,THURSTON,53067,44
WA,WAHKIAKUM,53069,3.6
WA,WALLA WALLA,53071,47.4
WA,WHATCOM,53073,39.9
WA,WHITMAN,53075,36.6
WA,YAKIMA,53077,38.5
WV,BARBOUR,54001,23
WV,BERKELEY,54003,30.2
WV,BOONE,54005,78.3
WV,BRAXTON,54007,22.5
WV,BROOKE,54009,14.6
WV,CABELL,54011,124.2
WV,CALHOUN,54013,42.9
WV,CLAY,54015,18.8
WV,DODDRIDGE,54017,0.7
WV,FAYETTE,54019,23.6
WV,GILMER,54021,8
WV,GRANT,54023,57.1
WV,GREENBRIER,54025,58.6
WV,HAMPSHIRE,54027,20.2
WV,HANCOCK,54029,77.7
WV,HARDY,54031,26.6
WV,HARRISON,54033,85.7
WV,JACKSON,54035,19.7
WV,JEFFERSON,54037,23.6
WV,KANAWHA,54039,87
WV,LEWIS,54041,59.4
WV,LINCOLN,54043,26.8
WV,LOGAN,54045,85.1
WV,MCDOWELL,54047,20.7
WV,MARION,54049,37.1
WV,MARSHALL,54051,74.6
WV,MASON,54053,56.2
WV,MERCER,54055,54.7
WV,MINERAL,54057,26.5
WV,MINGO,54059,68
WV,MONONGALIA,54061,62
WV,MONROE,54063,16.5
WV,MORGAN,54065,23.1
WV,NICHOLAS,54067,47.3
WV,OHIO,54069,86.8
WV,PENDLETON,54071,8.9
WV,PLEASANTS,54073,10.7
WV,POCAHONTAS,54075,16.9
WV,PRESTON,54077,32.6
WV,PUTNAM,54079,49.4
WV,RALEIGH,54081,56.5
WV,RANDOLPH,54083,42.3
WV,RITCHIE,54085,13.6
WV,ROANE,54087,42.5
WV,SUMMERS,54089,54.7
WV,TAYLOR,54091,24.9
WV,TUCKER,54093,21.5
WV,TYLER,54095,11.6
WV,UPSHUR,54097,13.2
WV,WAYNE,54099,10.9
WV,WEBSTER,54101,118.2
WV,WETZEL,54103,33.2
WV,WIRT,54105,14.4
WV,WOOD,54107,66.8
WV,WYOMING,54109,42.2
WI,ADAMS,55001,4.7
WI,ASHLAND,55003,61.4
WI,BARRON,55005,42.6
WI,BAYFIELD,55007,4
WI,BROWN,55009,48
WI,BUFFALO,55011,3.7
WI,BURNETT,55013,26.8
WI,CALUMET,55015,9.6
WI,CHIPPEWA,55017,16.1
WI,CLARK,55019,16.1
WI,COLUMBIA,55021,35.7
WI,CRAWFORD,55023,30.3
WI,DANE,55025,42.8
WI,DODGE,55027,29.7
WI,DOOR,55029,29.2
WI,DOUGLAS,55031,15.8
WI,DUNN,55033,17.2
WI,EAU CLAIRE,55035,57.6
WI,FLORENCE,55037,9.2
WI,FOND DU LAC,55039,29
WI,FOREST,55041,6.5
WI,GRANT,55043,27.1
WI,GREEN,55045,41.4
WI,GREEN LAKE,55047,21.6
WI,IOWA,55049,26.2
WI,IRON,55051,29.7
WI,JACKSON,55053,12.9
WI,JEFFERSON,55055,15.5
WI,JUNEAU,55057,36.5
WI,KENOSHA,55059,30
WI,KEWAUNEE,55061,12.4
WI,LA CROSSE,55063,53.4
WI,LAFAYETTE,55065,20.3
WI,LANGLADE,55067,40.5
WI,LINCOLN,55069,27.1
WI,MANITOWOC,55071,29.4
WI,MARATHON,55073,46.4
WI,MARINETTE,55075,40.1
WI,MARQUETTE,55077,2.6
WI,MENOMINEE,55078,9.6
WI,MILWAUKEE,55079,62.6
WI,MONROE,55081,32.1
WI,OCONTO,55083,19.2
WI,ONEIDA,55085,50.4
WI,OUTAGAMIE,55087,40.2
WI,OZAUKEE,55089,45.4
WI,PEPIN,55091,26
WI,PIERCE,55093,11.6
WI,POLK,55095,44.6
WI,PORTAGE,55097,21.9
WI,PRICE,55099,29.4
WI,RACINE,55101,35.4
WI,RICHLAND,55103,17
WI,ROCK,55105,42.3
WI,RUSK,55107,14
WI,SAINT CROIX,55109,15.6
WI,SAUK,55111,37.3
WI,SAWYER,55113,35.5
WI,SHAWANO,55115,12.2
WI,SHEBOYGAN,55117,55
WI,TAYLOR,55119,13.1
WI,TREMPEALEAU,55121,6
WI,VERNON,55123,23.7
WI,VILAS,55125,30.2
WI,WALWORTH,55127,18.7
WI,WASHBURN,55129,52.1
WI,WASHINGTON,55131,25.1
WI,WAUKESHA,55133,41.1
WI,WAUPACA,55135,32.7
WI,WAUSHARA,55137,16
WI,WINNEBAGO,55139,41
WI,WOOD,55141,47.4
WY,ALBANY,56001,24.9
WY,BIG HORN,56003,32.1
WY,CAMPBELL,56005,37.6
WY,CARBON,56007,59
WY,CONVERSE,56009,26.9
WY,CROOK,56011,5.3
WY,FREMONT,56013,41
WY,GOSHEN,56015,15
WY,HOT SPRINGS,56017,98.5
WY,JOHNSON,56019,29.6
WY,LARAMIE,56021,51.1
WY,LINCOLN,56023,40.7
WY,NATRONA,56025,68
WY,NIOBRARA,56027,5.8
WY,PARK,56029,55.6
WY,PLATTE,56031,16.8
WY,SHERIDAN,56033,33.5
WY,SUBLETTE,56035,29
WY,SWEETWATER,56037,70
WY,TETON,56039,50.6
WY,UINTA,56041,60
WY,WASHAKIE,56043,40.2
WY,WESTON,56045,6.7